itemid	bin_latitude	bin_longitude	bin_timestamp
1144	19680.0	17220.0	31
651	19680.0	17220.0	51
977	12300.0	27060.0	7
703	14760.0	22140.0	98
381	7380.0	19680.0	52
977	14760.0	24600.0	41
381	7380.0	19680.0	31
439	19680.0	17220.0	56
378	14760.0	27060.0	16
1310	19680.0	17220.0	35
1180	14760.0	22140.0	50
1134	14760.0	24600.0	48
805	19680.0	17220.0	31
1098	14760.0	24600.0	52
35	14760.0	22140.0	94
673	14760.0	22140.0	72
1180	14760.0	27060.0	17
673	14760.0	27060.0	18
378	14760.0	27060.0	14
513	14760.0	24600.0	46
382	9840.0	19680.0	46
1310	19680.0	17220.0	85
60	17220.0	17220.0	48
378	14760.0	24600.0	50
651	19680.0	17220.0	42
408	4920.0	19680.0	5
1098	14760.0	24600.0	49
673	14760.0	22140.0	75
264	14760.0	22140.0	67
408	4920.0	19680.0	1
1144	19680.0	17220.0	16
1009	4920.0	19680.0	6
218	7380.0	19680.0	23
1144	19680.0	17220.0	82
374	19680.0	17220.0	34
1118	19680.0	19680.0	79
1310	19680.0	17220.0	70
255	14760.0	27060.0	22
1009	7380.0	17220.0	56
381	7380.0	19680.0	25
180	19680.0	17220.0	61
35	12300.0	19680.0	77
651	19680.0	17220.0	17
324	19680.0	17220.0	14
1042	19680.0	19680.0	107
1261	19680.0	17220.0	2
374	19680.0	17220.0	6
381	4920.0	19680.0	17
116	4920.0	19680.0	10
954	14760.0	22140.0	69
946	14760.0	27060.0	11
324	19680.0	17220.0	104
805	19680.0	17220.0	78
218	7380.0	19680.0	43
324	19680.0	19680.0	89
439	19680.0	17220.0	21
1261	19680.0	17220.0	25
255	14760.0	24600.0	60
673	14760.0	27060.0	2
382	4920.0	19680.0	16
381	4920.0	19680.0	19
1144	19680.0	17220.0	29
116	9840.0	19680.0	51
651	19680.0	17220.0	41
1042	19680.0	17220.0	34
946	14760.0	27060.0	5
1098	14760.0	24600.0	37
1180	14760.0	22140.0	56
954	14760.0	22140.0	56
1009	4920.0	19680.0	8
1134	14760.0	24600.0	36
673	14760.0	27060.0	3
1261	19680.0	17220.0	104
439	19680.0	17220.0	59
703	12300.0	19680.0	105
439	19680.0	17220.0	42
278	9840.0	17220.0	60
1009	7380.0	19680.0	27
954	14760.0	24600.0	43
510	7380.0	19680.0	27
1261	19680.0	19680.0	98
981	19680.0	17220.0	49
572	19680.0	17220.0	47
651	19680.0	17220.0	66
1042	19680.0	17220.0	56
1009	4920.0	19680.0	20
1310	19680.0	17220.0	38
1098	14760.0	27060.0	33
218	7380.0	19680.0	57
116	4920.0	19680.0	16
35	12300.0	22140.0	63
1310	19680.0	17220.0	12
805	19680.0	17220.0	70
374	19680.0	17220.0	18
703	14760.0	27060.0	11
1098	14760.0	27060.0	10
572	19680.0	17220.0	71
1322	19680.0	17220.0	32
572	19680.0	17220.0	77
703	14760.0	27060.0	21
513	14760.0	22140.0	54
629	19680.0	17220.0	2
378	12300.0	27060.0	5
703	14760.0	24600.0	37
954	12300.0	27060.0	3
264	12300.0	27060.0	2
954	14760.0	27060.0	17
1261	19680.0	17220.0	31
885	7380.0	19680.0	30
278	7380.0	19680.0	20
629	19680.0	17220.0	13
572	19680.0	17220.0	95
264	14760.0	22140.0	58
382	7380.0	19680.0	26
703	14760.0	22140.0	71
180	19680.0	17220.0	42
1134	14760.0	22140.0	91
1042	19680.0	17220.0	46
1144	19680.0	17220.0	50
946	14760.0	27060.0	19
572	19680.0	17220.0	75
513	14760.0	27060.0	18
1134	14760.0	24600.0	38
180	19680.0	17220.0	26
255	14760.0	27060.0	28
703	14760.0	27060.0	4
124	7380.0	19680.0	43
1144	19680.0	17220.0	12
382	7380.0	19680.0	19
1042	19680.0	19680.0	116
1180	14760.0	24600.0	40
673	14760.0	27060.0	17
1134	14760.0	27060.0	3
572	19680.0	17220.0	27
1261	19680.0	17220.0	109
1310	19680.0	17220.0	55
885	7380.0	19680.0	39
651	19680.0	17220.0	18
510	4920.0	19680.0	3
1322	19680.0	17220.0	4
264	14760.0	22140.0	69
977	14760.0	24600.0	48
1180	14760.0	27060.0	23
124	7380.0	19680.0	36
981	19680.0	17220.0	14
977	14760.0	22140.0	74
885	4920.0	19680.0	23
805	19680.0	17220.0	41
1042	19680.0	19680.0	109
1180	14760.0	27060.0	7
572	19680.0	19680.0	110
981	19680.0	17220.0	35
1180	14760.0	27060.0	20
1144	19680.0	17220.0	37
382	7380.0	19680.0	27
1134	14760.0	22140.0	58
703	14760.0	22140.0	80
651	19680.0	17220.0	67
180	19680.0	17220.0	9
1134	14760.0	27060.0	13
513	14760.0	24600.0	49
264	14760.0	24600.0	51
1134	14760.0	22140.0	75
255	14760.0	24600.0	51
946	14760.0	22140.0	84
1098	14760.0	27060.0	25
954	14760.0	22140.0	55
1009	7380.0	17220.0	53
651	19680.0	17220.0	53
35	7380.0	19680.0	41
255	14760.0	24600.0	43
805	19680.0	17220.0	51
1118	19680.0	19680.0	88
35	14760.0	19680.0	82
278	4920.0	19680.0	12
629	19680.0	17220.0	49
703	14760.0	27060.0	7
382	4920.0	19680.0	5
572	19680.0	17220.0	66
324	19680.0	19680.0	78
439	19680.0	17220.0	82
805	19680.0	17220.0	64
35	4920.0	19680.0	19
673	14760.0	27060.0	4
977	14760.0	24600.0	50
1310	19680.0	19680.0	110
651	19680.0	17220.0	89
1310	19680.0	17220.0	32
1042	19680.0	19680.0	113
1322	19680.0	17220.0	36
1310	19680.0	17220.0	93
1134	14760.0	24600.0	51
278	9840.0	19680.0	47
116	7380.0	19680.0	28
116	4920.0	19680.0	3
1118	19680.0	17220.0	13
278	4920.0	19680.0	1
278	9840.0	12300.0	85
1009	9840.0	17220.0	64
1134	14760.0	24600.0	54
673	14760.0	27060.0	8
255	14760.0	22140.0	78
116	7380.0	19680.0	37
278	4920.0	19680.0	16
116	14760.0	22140.0	79
805	19680.0	17220.0	26
218	9840.0	17220.0	65
977	14760.0	22140.0	68
439	19680.0	17220.0	67
378	14760.0	24600.0	34
1310	19680.0	17220.0	73
1180	14760.0	22140.0	67
378	14760.0	22140.0	60
378	14760.0	27060.0	25
703	14760.0	27060.0	28
1180	14760.0	24600.0	35
1134	14760.0	22140.0	87
651	19680.0	17220.0	72
278	7380.0	19680.0	34
703	14760.0	27060.0	1
1322	19680.0	17220.0	6
1118	19680.0	17220.0	15
381	7380.0	19680.0	48
1310	19680.0	17220.0	80
673	12300.0	19680.0	90
981	19680.0	17220.0	45
382	7380.0	19680.0	23
180	19680.0	17220.0	38
1180	14760.0	22140.0	55
35	14760.0	22140.0	90
1098	14760.0	24600.0	36
1322	19680.0	17220.0	22
381	4920.0	19680.0	2
439	19680.0	17220.0	74
1310	19680.0	17220.0	54
572	19680.0	17220.0	46
324	19680.0	17220.0	26
510	4920.0	19680.0	10
1261	19680.0	19680.0	88
510	4920.0	19680.0	5
278	9840.0	14760.0	67
805	19680.0	17220.0	52
572	19680.0	17220.0	61
381	7380.0	19680.0	32
1009	7380.0	17220.0	54
374	19680.0	17220.0	19
1042	19680.0	19680.0	98
572	19680.0	17220.0	100
378	14760.0	24600.0	38
1261	19680.0	17220.0	21
1144	19680.0	17220.0	89
324	19680.0	17220.0	19
1310	19680.0	17220.0	16
703	14760.0	24600.0	48
510	7380.0	19680.0	32
703	14760.0	24600.0	40
378	14760.0	22140.0	54
439	19680.0	17220.0	69
510	7380.0	17220.0	51
255	14760.0	24600.0	46
513	14760.0	22140.0	52
1144	19680.0	17220.0	35
1310	19680.0	17220.0	71
264	14760.0	22140.0	82
381	9840.0	19680.0	55
1310	19680.0	17220.0	50
651	19680.0	17220.0	61
1042	19680.0	17220.0	47
1134	14760.0	24600.0	44
1322	19680.0	17220.0	65
218	7380.0	19680.0	32
378	12300.0	27060.0	9
629	19680.0	17220.0	33
954	14760.0	27060.0	27
1042	19680.0	19680.0	95
673	14760.0	22140.0	78
1322	19680.0	17220.0	8
703	14760.0	24600.0	43
180	19680.0	17220.0	47
278	9840.0	14760.0	71
977	14760.0	27060.0	26
629	19680.0	17220.0	44
1134	14760.0	27060.0	15
378	14760.0	22140.0	58
885	7380.0	19680.0	29
408	7380.0	19680.0	56
218	7380.0	19680.0	29
651	19680.0	17220.0	31
218	9840.0	17220.0	62
1134	14760.0	27060.0	1
1180	14760.0	19680.0	84
218	7380.0	19680.0	33
116	17220.0	22140.0	83
954	14760.0	22140.0	87
1134	14760.0	22140.0	62
1098	14760.0	24600.0	43
35	14760.0	22140.0	95
381	7380.0	19680.0	43
1310	19680.0	17220.0	64
673	14760.0	24600.0	28
885	7380.0	19680.0	46
703	14760.0	22140.0	92
513	12300.0	17220.0	92
946	14760.0	22140.0	63
60	17220.0	17220.0	47
116	7380.0	19680.0	41
1144	19680.0	17220.0	15
1322	19680.0	17220.0	10
124	4920.0	19680.0	12
382	4920.0	19680.0	1
1144	19680.0	17220.0	9
954	14760.0	22140.0	58
35	7380.0	19680.0	38
116	4920.0	19680.0	17
977	14760.0	22140.0	66
651	19680.0	17220.0	74
1180	14760.0	22140.0	53
1261	19680.0	17220.0	28
1134	14760.0	22140.0	72
1144	19680.0	17220.0	11
510	7380.0	19680.0	54
116	14760.0	22140.0	73
977	14760.0	22140.0	64
60	19680.0	17220.0	19
954	14760.0	22140.0	83
805	19680.0	17220.0	39
1144	19680.0	17220.0	83
946	14760.0	22140.0	56
1310	19680.0	17220.0	27
439	19680.0	17220.0	6
1042	19680.0	17220.0	40
1098	14760.0	27060.0	31
255	14760.0	22140.0	91
977	14760.0	27060.0	21
60	19680.0	17220.0	16
805	19680.0	17220.0	54
513	14760.0	24600.0	37
381	7380.0	22140.0	64
60	17220.0	17220.0	39
1144	19680.0	17220.0	71
1042	19680.0	19680.0	114
977	14760.0	24600.0	36
954	14760.0	22140.0	97
278	7380.0	19680.0	37
1098	14760.0	27060.0	13
381	7380.0	19680.0	27
180	19680.0	17220.0	11
885	4920.0	19680.0	11
180	19680.0	17220.0	76
1322	19680.0	17220.0	5
255	14760.0	22140.0	67
1261	19680.0	17220.0	37
1322	19680.0	17220.0	26
805	19680.0	17220.0	2
408	4920.0	19680.0	17
805	19680.0	17220.0	45
264	14760.0	22140.0	57
977	14760.0	24600.0	51
629	19680.0	17220.0	10
180	19680.0	17220.0	73
124	7380.0	19680.0	40
218	9840.0	19680.0	52
572	19680.0	17220.0	99
218	9840.0	17220.0	67
439	19680.0	17220.0	37
946	14760.0	27060.0	15
1261	19680.0	17220.0	23
1310	19680.0	17220.0	44
673	14760.0	24600.0	45
977	14760.0	24600.0	45
116	9840.0	19680.0	48
805	19680.0	17220.0	36
264	12300.0	27060.0	11
255	14760.0	24600.0	54
981	19680.0	17220.0	56
439	19680.0	17220.0	18
255	14760.0	27060.0	25
278	9840.0	14760.0	74
673	14760.0	24600.0	42
278	9840.0	14760.0	70
382	9840.0	19680.0	53
1261	19680.0	19680.0	96
278	9840.0	12300.0	80
1180	14760.0	19680.0	90
946	14760.0	27060.0	29
1118	19680.0	17220.0	8
1134	14760.0	24600.0	43
673	12300.0	19680.0	95
1098	14760.0	22140.0	80
981	19680.0	17220.0	32
1009	9840.0	14760.0	73
180	19680.0	17220.0	41
981	19680.0	17220.0	55
116	7380.0	19680.0	22
1118	19680.0	17220.0	107
1180	14760.0	22140.0	62
885	7380.0	19680.0	32
1009	4920.0	19680.0	2
1009	4920.0	19680.0	5
378	14760.0	24600.0	46
255	14760.0	27060.0	31
1310	19680.0	17220.0	52
1180	14760.0	22140.0	57
1144	19680.0	17220.0	28
703	14760.0	27060.0	13
805	19680.0	17220.0	40
439	19680.0	17220.0	14
673	14760.0	22140.0	74
572	19680.0	17220.0	89
572	19680.0	17220.0	30
981	19680.0	17220.0	28
1118	19680.0	19680.0	97
264	14760.0	27060.0	13
651	19680.0	17220.0	94
408	7380.0	19680.0	55
703	14760.0	27060.0	9
324	19680.0	17220.0	3
278	7380.0	19680.0	28
1322	19680.0	17220.0	9
439	19680.0	17220.0	96
278	9840.0	17220.0	62
1180	14760.0	27060.0	21
1180	14760.0	24600.0	30
264	14760.0	24600.0	37
255	14760.0	24600.0	42
264	14760.0	24600.0	50
439	19680.0	17220.0	83
382	4920.0	19680.0	14
374	19680.0	17220.0	13
510	4920.0	19680.0	19
981	19680.0	17220.0	62
1134	14760.0	22140.0	64
981	19680.0	17220.0	57
381	7380.0	19680.0	28
1144	19680.0	17220.0	109
1134	14760.0	22140.0	92
408	7380.0	19680.0	37
805	19680.0	17220.0	30
946	14760.0	22140.0	70
278	9840.0	17220.0	63
1180	14760.0	22140.0	68
374	17220.0	12300.0	79
1118	19680.0	19680.0	103
1144	19680.0	17220.0	54
977	14760.0	22140.0	73
1009	7380.0	19680.0	42
1098	12300.0	19680.0	104
60	19680.0	17220.0	26
572	19680.0	17220.0	112
278	9840.0	12300.0	81
651	19680.0	17220.0	45
572	19680.0	17220.0	94
439	19680.0	17220.0	11
673	14760.0	27060.0	19
1310	19680.0	17220.0	22
1261	19680.0	17220.0	3
1180	14760.0	22140.0	65
572	19680.0	17220.0	85
629	19680.0	17220.0	25
1144	19680.0	17220.0	47
703	14760.0	27060.0	22
946	14760.0	27060.0	10
374	19680.0	17220.0	11
513	14760.0	27060.0	5
703	14760.0	22140.0	68
1009	9840.0	17220.0	58
513	14760.0	24600.0	38
439	19680.0	17220.0	91
35	9840.0	19680.0	50
510	4920.0	19680.0	12
1180	14760.0	19680.0	88
1009	4920.0	19680.0	15
1098	14760.0	22140.0	60
1134	14760.0	27060.0	35
255	14760.0	22140.0	74
1009	4920.0	19680.0	7
805	19680.0	17220.0	24
378	14760.0	24600.0	32
1009	7380.0	19680.0	32
1134	14760.0	27060.0	9
1144	19680.0	17220.0	117
946	14760.0	22140.0	66
439	19680.0	17220.0	62
264	12300.0	19680.0	94
1180	14760.0	19680.0	89
954	14760.0	24600.0	52
1144	19680.0	17220.0	46
1310	19680.0	17220.0	33
1310	19680.0	17220.0	67
124	4920.0	19680.0	3
1261	19680.0	19680.0	89
324	19680.0	17220.0	4
954	14760.0	24600.0	42
381	4920.0	19680.0	7
218	7380.0	17220.0	60
673	14760.0	24600.0	36
374	19680.0	17220.0	54
651	19680.0	17220.0	34
382	4920.0	19680.0	6
439	19680.0	17220.0	51
651	19680.0	17220.0	81
572	19680.0	17220.0	33
673	14760.0	24600.0	44
885	4920.0	19680.0	5
218	7380.0	19680.0	22
1042	19680.0	17220.0	7
513	14760.0	22140.0	64
264	14760.0	27060.0	28
1042	19680.0	17220.0	43
264	14760.0	22140.0	84
1134	14760.0	19680.0	99
60	19680.0	17220.0	27
1310	19680.0	17220.0	95
278	4920.0	19680.0	15
981	19680.0	17220.0	24
1009	7380.0	19680.0	26
703	14760.0	27060.0	25
572	19680.0	17220.0	90
946	14760.0	24600.0	53
805	19680.0	17220.0	59
1310	19680.0	19680.0	108
1144	19680.0	17220.0	90
324	19680.0	17220.0	18
439	19680.0	17220.0	29
439	19680.0	17220.0	89
651	19680.0	17220.0	38
805	19680.0	17220.0	33
116	4920.0	19680.0	14
703	14760.0	24600.0	59
1322	19680.0	17220.0	14
805	19680.0	17220.0	19
1098	14760.0	27060.0	34
1134	14760.0	22140.0	59
977	14760.0	22140.0	80
1144	19680.0	17220.0	40
1310	19680.0	17220.0	17
1322	19680.0	17220.0	25
35	7380.0	19680.0	39
1118	19680.0	17220.0	11
439	19680.0	17220.0	7
572	19680.0	17220.0	59
1310	19680.0	17220.0	83
954	14760.0	22140.0	67
981	19680.0	17220.0	36
572	19680.0	17220.0	81
180	19680.0	17220.0	35
954	14760.0	27060.0	9
510	7380.0	19680.0	43
324	19680.0	17220.0	24
1098	14760.0	22140.0	61
116	7380.0	19680.0	26
572	19680.0	19680.0	111
439	19680.0	17220.0	23
1144	19680.0	17220.0	79
954	14760.0	22140.0	86
572	19680.0	17220.0	76
946	14760.0	24600.0	37
378	14760.0	22140.0	63
264	14760.0	24600.0	44
513	14760.0	19680.0	75
1134	14760.0	22140.0	63
35	12300.0	19680.0	78
651	19680.0	17220.0	68
885	4920.0	19680.0	15
1042	19680.0	17220.0	45
381	7380.0	19680.0	33
1144	19680.0	17220.0	49
1118	19680.0	19680.0	101
673	14760.0	24600.0	37
60	19680.0	17220.0	33
374	19680.0	17220.0	57
1310	19680.0	17220.0	92
1134	14760.0	22140.0	60
1261	19680.0	19680.0	85
513	14760.0	22140.0	62
651	19680.0	17220.0	83
255	14760.0	22140.0	75
977	14760.0	27060.0	16
264	14760.0	22140.0	54
946	14760.0	27060.0	8
264	12300.0	27060.0	10
1098	12300.0	19680.0	98
673	14760.0	24600.0	32
218	4920.0	19680.0	16
1098	14760.0	27060.0	18
116	4920.0	19680.0	5
60	19680.0	17220.0	5
946	17220.0	22140.0	88
381	7380.0	19680.0	36
1144	19680.0	17220.0	97
673	14760.0	19680.0	82
977	14760.0	27060.0	34
805	19680.0	17220.0	76
408	7380.0	19680.0	45
1322	19680.0	17220.0	16
255	14760.0	27060.0	19
1322	19680.0	17220.0	60
60	19680.0	17220.0	9
218	7380.0	19680.0	45
218	9840.0	17220.0	70
180	19680.0	17220.0	1
381	7380.0	19680.0	34
629	19680.0	17220.0	48
264	14760.0	24600.0	41
264	12300.0	19680.0	97
378	14760.0	22140.0	69
1009	9840.0	12300.0	83
278	9840.0	12300.0	75
1180	14760.0	24600.0	47
513	14760.0	24600.0	32
180	19680.0	17220.0	66
977	12300.0	27060.0	2
805	19680.0	17220.0	71
977	14760.0	22140.0	81
1261	19680.0	17220.0	18
805	19680.0	17220.0	10
382	7380.0	19680.0	28
946	14760.0	27060.0	3
1009	7380.0	19680.0	38
1118	19680.0	17220.0	16
954	14760.0	24600.0	50
673	14760.0	22140.0	70
510	7380.0	19680.0	26
1098	12300.0	19680.0	95
1261	19680.0	17220.0	36
1322	19680.0	17220.0	13
439	19680.0	17220.0	70
1261	19680.0	17220.0	22
408	4920.0	19680.0	13
1134	14760.0	24600.0	37
180	19680.0	17220.0	78
513	14760.0	27060.0	12
1098	14760.0	27060.0	26
439	19680.0	17220.0	94
703	14760.0	24600.0	63
946	14760.0	27060.0	24
324	19680.0	19680.0	100
1134	14760.0	22140.0	90
439	19680.0	17220.0	13
408	7380.0	19680.0	42
1098	14760.0	27060.0	12
35	7380.0	19680.0	45
1180	14760.0	19680.0	100
703	14760.0	27060.0	31
805	19680.0	17220.0	66
1009	7380.0	17220.0	50
1180	14760.0	27060.0	8
1098	12300.0	19680.0	93
324	19680.0	17220.0	108
1042	19680.0	17220.0	48
278	9840.0	12300.0	77
218	4920.0	19680.0	20
805	19680.0	17220.0	75
513	14760.0	22140.0	72
1322	19680.0	17220.0	37
1310	19680.0	19680.0	109
572	19680.0	17220.0	41
513	14760.0	24600.0	41
1009	4920.0	19680.0	13
1322	19680.0	17220.0	41
954	14760.0	27060.0	32
1144	19680.0	17220.0	36
408	7380.0	19680.0	32
1180	14760.0	24600.0	34
218	12300.0	17220.0	81
673	14760.0	22140.0	66
1009	7380.0	17220.0	49
651	19680.0	17220.0	57
651	19680.0	17220.0	88
116	4920.0	19680.0	12
255	14760.0	27060.0	10
382	9840.0	19680.0	52
278	9840.0	19680.0	49
1144	19680.0	17220.0	38
408	7380.0	19680.0	21
513	14760.0	22140.0	55
1118	19680.0	19680.0	86
885	7380.0	19680.0	28
255	14760.0	22140.0	76
408	7380.0	19680.0	43
1180	14760.0	22140.0	59
1180	14760.0	22140.0	75
673	14760.0	24600.0	25
981	19680.0	17220.0	54
954	14760.0	22140.0	60
946	14760.0	22140.0	80
673	12300.0	19680.0	92
673	14760.0	24600.0	31
374	19680.0	17220.0	50
981	19680.0	17220.0	63
1144	19680.0	17220.0	18
35	14760.0	22140.0	88
1261	19680.0	17220.0	105
885	4920.0	19680.0	12
1310	19680.0	17220.0	13
180	19680.0	17220.0	67
382	9840.0	19680.0	45
1042	19680.0	17220.0	4
510	7380.0	19680.0	42
805	19680.0	17220.0	73
1098	14760.0	27060.0	14
977	14760.0	22140.0	79
1180	14760.0	22140.0	63
381	4920.0	19680.0	21
1180	14760.0	24600.0	27
805	19680.0	17220.0	48
651	19680.0	17220.0	19
510	4920.0	19680.0	7
885	7380.0	19680.0	34
1144	19680.0	17220.0	67
408	9840.0	19680.0	50
572	19680.0	17220.0	34
1118	19680.0	19680.0	80
374	19680.0	17220.0	39
264	14760.0	24600.0	46
703	14760.0	22140.0	97
1134	14760.0	27060.0	20
116	14760.0	22140.0	78
324	19680.0	17220.0	6
264	14760.0	24600.0	36
1009	7380.0	19680.0	29
651	19680.0	17220.0	60
954	14760.0	22140.0	91
255	14760.0	22140.0	79
513	14760.0	22140.0	61
651	19680.0	17220.0	30
116	4920.0	19680.0	7
382	7380.0	19680.0	40
513	14760.0	22140.0	68
1144	19680.0	17220.0	13
981	19680.0	17220.0	65
977	14760.0	22140.0	84
629	19680.0	17220.0	43
572	19680.0	17220.0	43
805	19680.0	17220.0	7
703	14760.0	24600.0	35
382	9840.0	19680.0	49
954	14760.0	22140.0	57
116	4920.0	19680.0	4
264	12300.0	22140.0	91
382	7380.0	19680.0	37
1322	19680.0	17220.0	1
278	7380.0	19680.0	26
1144	19680.0	17220.0	33
382	4920.0	19680.0	13
439	19680.0	17220.0	61
1144	19680.0	17220.0	84
513	14760.0	24600.0	48
629	19680.0	17220.0	42
60	17220.0	17220.0	42
946	14760.0	27060.0	31
264	14760.0	24600.0	42
1098	14760.0	27060.0	30
1134	14760.0	27060.0	17
977	12300.0	27060.0	3
885	4920.0	19680.0	16
805	19680.0	17220.0	16
180	19680.0	17220.0	3
673	14760.0	27060.0	21
218	9840.0	19680.0	54
124	4920.0	19680.0	6
381	4920.0	19680.0	8
885	7380.0	19680.0	38
408	7380.0	19680.0	36
382	7380.0	19680.0	32
510	4920.0	19680.0	4
703	14760.0	22140.0	94
1118	19680.0	19680.0	99
572	19680.0	17220.0	44
510	7380.0	19680.0	30
1098	14760.0	27060.0	11
60	19680.0	17220.0	37
116	14760.0	22140.0	72
513	12300.0	19680.0	84
1310	19680.0	17220.0	43
981	19680.0	17220.0	21
255	14760.0	22140.0	99
116	12300.0	22140.0	62
1118	19680.0	19680.0	85
264	14760.0	27060.0	16
703	14760.0	22140.0	69
264	14760.0	22140.0	65
946	14760.0	22140.0	75
1322	19680.0	17220.0	35
60	19680.0	17220.0	32
1042	19680.0	17220.0	25
946	14760.0	29520.0	1
374	19680.0	17220.0	55
116	12300.0	22140.0	67
513	14760.0	27060.0	1
1042	19680.0	19680.0	100
35	9840.0	19680.0	57
885	4920.0	19680.0	14
513	14760.0	24600.0	30
954	14760.0	27060.0	11
572	19680.0	19680.0	106
1042	19680.0	19680.0	112
1042	19680.0	17220.0	42
572	19680.0	17220.0	53
1144	19680.0	17220.0	65
35	4920.0	19680.0	11
378	14760.0	22140.0	65
673	14760.0	22140.0	77
651	19680.0	17220.0	46
439	19680.0	17220.0	4
572	19680.0	17220.0	35
629	19680.0	17220.0	58
264	14760.0	22140.0	59
1180	14760.0	22140.0	78
1009	9840.0	14760.0	78
572	19680.0	17220.0	93
510	4920.0	19680.0	13
1118	19680.0	19680.0	87
378	14760.0	24600.0	31
1009	7380.0	19680.0	31
977	14760.0	27060.0	29
382	7380.0	19680.0	39
278	9840.0	17220.0	58
805	19680.0	17220.0	56
1144	19680.0	17220.0	87
1180	14760.0	22140.0	61
673	14760.0	27060.0	22
1042	19680.0	17220.0	19
324	19680.0	17220.0	32
278	7380.0	19680.0	36
1134	14760.0	27060.0	8
1134	14760.0	22140.0	89
1144	19680.0	17220.0	101
439	19680.0	17220.0	53
1042	19680.0	19680.0	106
1042	19680.0	17220.0	15
1144	19680.0	17220.0	91
1261	19680.0	17220.0	108
218	4920.0	19680.0	1
255	14760.0	22140.0	82
1009	9840.0	12300.0	81
60	19680.0	17220.0	25
124	7380.0	19680.0	42
439	17220.0	17220.0	100
673	12300.0	19680.0	87
1144	19680.0	17220.0	19
381	4920.0	19680.0	9
629	19680.0	17220.0	40
278	9840.0	17220.0	61
510	4920.0	19680.0	16
35	7380.0	19680.0	32
1009	9840.0	14760.0	76
703	14760.0	27060.0	20
1322	19680.0	17220.0	23
629	19680.0	17220.0	37
180	19680.0	17220.0	27
651	19680.0	17220.0	20
180	19680.0	17220.0	18
264	14760.0	24600.0	33
1180	14760.0	27060.0	10
629	19680.0	17220.0	39
35	14760.0	22140.0	87
255	14760.0	22140.0	80
510	7380.0	17220.0	52
1261	19680.0	17220.0	13
1098	12300.0	27060.0	7
977	14760.0	22140.0	82
651	19680.0	17220.0	84
572	19680.0	17220.0	114
255	14760.0	22140.0	72
264	14760.0	22140.0	77
278	7380.0	19680.0	27
1144	19680.0	17220.0	30
116	17220.0	22140.0	93
1118	19680.0	17220.0	5
278	9840.0	19680.0	51
382	7380.0	19680.0	43
1009	4920.0	19680.0	9
651	19680.0	17220.0	27
703	14760.0	24600.0	55
218	7380.0	17220.0	61
378	12300.0	27060.0	7
954	14760.0	24600.0	37
572	19680.0	17220.0	68
264	14760.0	22140.0	73
1261	19680.0	19680.0	102
1042	19680.0	17220.0	2
180	19680.0	17220.0	21
439	19680.0	17220.0	36
381	7380.0	19680.0	61
572	19680.0	17220.0	38
629	19680.0	17220.0	14
324	19680.0	17220.0	30
629	19680.0	17220.0	7
1144	19680.0	17220.0	27
1098	14760.0	24600.0	55
954	14760.0	22140.0	81
946	14760.0	27060.0	32
1144	19680.0	17220.0	88
116	17220.0	22140.0	82
805	19680.0	17220.0	47
1098	12300.0	19680.0	105
60	19680.0	17220.0	28
1042	19680.0	17220.0	21
885	7380.0	19680.0	35
264	14760.0	22140.0	76
510	7380.0	19680.0	44
408	7380.0	19680.0	30
60	19680.0	17220.0	10
35	7380.0	19680.0	29
180	19680.0	17220.0	79
1042	19680.0	17220.0	13
1134	14760.0	22140.0	76
1144	19680.0	17220.0	44
124	7380.0	19680.0	26
1310	19680.0	17220.0	65
218	7380.0	19680.0	30
651	19680.0	17220.0	47
946	14760.0	27060.0	4
1009	7380.0	17220.0	48
264	12300.0	27060.0	8
278	7380.0	19680.0	45
408	4920.0	19680.0	14
278	9840.0	12300.0	78
374	17220.0	12300.0	82
1098	14760.0	22140.0	78
1098	14760.0	22140.0	81
513	14760.0	22140.0	65
264	14760.0	22140.0	63
651	19680.0	17220.0	95
673	14760.0	27060.0	1
1180	14760.0	24600.0	44
673	14760.0	24600.0	41
381	4920.0	19680.0	22
378	14760.0	24600.0	40
1009	4920.0	19680.0	19
977	14760.0	24600.0	54
439	19680.0	17220.0	54
408	7380.0	19680.0	39
324	19680.0	19680.0	76
218	12300.0	17220.0	85
1261	19680.0	17220.0	16
264	14760.0	22140.0	60
324	19680.0	17220.0	22
374	19680.0	17220.0	37
381	7380.0	19680.0	30
1261	19680.0	19680.0	86
1118	19680.0	17220.0	2
885	4920.0	19680.0	7
805	19680.0	17220.0	32
673	14760.0	24600.0	24
673	14760.0	24600.0	53
439	19680.0	17220.0	26
703	14760.0	24600.0	39
981	19680.0	17220.0	61
1098	14760.0	24600.0	51
116	7380.0	19680.0	30
805	19680.0	17220.0	15
572	19680.0	17220.0	83
1042	19680.0	17220.0	33
264	14760.0	27060.0	15
1118	19680.0	17220.0	17
255	14760.0	27060.0	16
885	4920.0	19680.0	17
180	19680.0	17220.0	4
255	14760.0	22140.0	86
1118	19680.0	17220.0	6
124	4920.0	19680.0	14
673	14760.0	22140.0	59
572	19680.0	17220.0	113
278	7380.0	19680.0	52
1098	14760.0	27060.0	27
673	14760.0	22140.0	56
1144	19680.0	17220.0	3
1098	12300.0	19680.0	101
378	14760.0	27060.0	24
1134	14760.0	22140.0	93
60	19680.0	17220.0	8
977	12300.0	27060.0	6
278	9840.0	14760.0	73
572	19680.0	17220.0	103
1118	19680.0	17220.0	35
1310	19680.0	17220.0	91
324	19680.0	17220.0	13
1098	12300.0	19680.0	99
981	19680.0	17220.0	22
218	12300.0	17220.0	86
703	14760.0	27060.0	14
1144	19680.0	17220.0	81
510	7380.0	19680.0	33
264	14760.0	24600.0	43
124	7380.0	19680.0	21
703	14760.0	27060.0	10
218	7380.0	17220.0	59
1144	19680.0	17220.0	113
381	4920.0	19680.0	24
116	14760.0	22140.0	77
374	19680.0	17220.0	9
805	19680.0	17220.0	58
278	4920.0	19680.0	10
1134	14760.0	24600.0	41
324	19680.0	19680.0	90
439	19680.0	17220.0	19
324	19680.0	17220.0	25
1098	12300.0	19680.0	90
1042	19680.0	19680.0	121
1009	9840.0	12300.0	80
629	19680.0	17220.0	55
629	19680.0	17220.0	54
513	14760.0	22140.0	56
124	4920.0	19680.0	13
60	17220.0	17220.0	49
374	19680.0	17220.0	43
378	12300.0	27060.0	3
1310	19680.0	17220.0	75
116	9840.0	19680.0	50
382	4920.0	19680.0	3
278	7380.0	19680.0	23
116	7380.0	19680.0	39
513	14760.0	22140.0	50
513	14760.0	27060.0	25
977	14760.0	24600.0	57
946	14760.0	22140.0	57
703	14760.0	24600.0	34
1144	19680.0	17220.0	53
278	4920.0	19680.0	11
1180	14760.0	19680.0	101
382	7380.0	19680.0	18
805	19680.0	17220.0	17
1310	19680.0	17220.0	42
1134	14760.0	27060.0	14
381	7380.0	19680.0	60
116	7380.0	19680.0	29
60	19680.0	17220.0	38
651	19680.0	17220.0	63
378	14760.0	22140.0	59
651	19680.0	17220.0	101
651	19680.0	17220.0	56
124	7380.0	19680.0	25
673	14760.0	24600.0	38
218	7380.0	19680.0	46
381	4920.0	19680.0	15
255	14760.0	27060.0	27
651	19680.0	17220.0	22
703	14760.0	24600.0	38
1118	19680.0	17220.0	19
946	14760.0	24600.0	39
981	19680.0	17220.0	26
981	19680.0	17220.0	15
1261	19680.0	17220.0	24
218	4920.0	19680.0	17
439	19680.0	17220.0	57
1134	14760.0	24600.0	49
513	14760.0	24600.0	45
60	19680.0	17220.0	17
1322	19680.0	17220.0	28
1261	19680.0	17220.0	10
1144	19680.0	17220.0	107
1261	19680.0	19680.0	75
513	12300.0	19680.0	82
1180	14760.0	27060.0	13
124	4920.0	19680.0	9
381	7380.0	19680.0	49
651	19680.0	17220.0	76
510	4920.0	19680.0	9
278	9840.0	14760.0	69
1144	19680.0	17220.0	62
977	14760.0	22140.0	58
218	9840.0	17220.0	73
885	4920.0	19680.0	10
439	19680.0	17220.0	46
381	7380.0	19680.0	41
35	12300.0	22140.0	66
703	12300.0	19680.0	104
1098	12300.0	19680.0	91
255	14760.0	27060.0	8
408	4920.0	19680.0	10
572	19680.0	17220.0	23
1009	9840.0	17220.0	67
981	19680.0	17220.0	30
946	14760.0	22140.0	68
264	14760.0	22140.0	78
805	19680.0	17220.0	1
439	19680.0	17220.0	86
408	4920.0	19680.0	9
116	7380.0	19680.0	44
513	14760.0	27060.0	22
1042	19680.0	19680.0	104
885	7380.0	19680.0	48
1042	19680.0	17220.0	18
572	19680.0	17220.0	87
374	19680.0	17220.0	3
977	14760.0	22140.0	77
572	19680.0	17220.0	67
381	4920.0	19680.0	5
885	7380.0	19680.0	41
1009	7380.0	19680.0	28
673	14760.0	22140.0	64
324	19680.0	19680.0	92
954	14760.0	22140.0	76
35	7380.0	19680.0	46
255	14760.0	22140.0	66
1098	14760.0	22140.0	65
1261	19680.0	19680.0	84
180	17220.0	12300.0	107
1009	7380.0	19680.0	39
255	14760.0	27060.0	14
255	14760.0	27060.0	7
35	12300.0	19680.0	76
1322	19680.0	17220.0	11
946	14760.0	27060.0	27
977	14760.0	24600.0	53
1134	14760.0	27060.0	5
382	7380.0	19680.0	20
946	14760.0	27060.0	20
1042	19680.0	17220.0	32
946	14760.0	24600.0	46
805	19680.0	17220.0	23
885	4920.0	19680.0	13
651	19680.0	17220.0	73
1009	4920.0	19680.0	4
324	19680.0	17220.0	15
1144	19680.0	17220.0	22
1180	14760.0	24600.0	41
673	14760.0	24600.0	46
946	14760.0	22140.0	69
255	14760.0	22140.0	98
673	14760.0	24600.0	48
954	14760.0	22140.0	82
1180	14760.0	22140.0	79
324	19680.0	19680.0	88
1134	14760.0	27060.0	28
1261	19680.0	19680.0	82
439	19680.0	17220.0	50
1009	7380.0	19680.0	41
673	14760.0	22140.0	54
116	17220.0	22140.0	94
510	7380.0	17220.0	48
513	12300.0	19680.0	85
1261	19680.0	17220.0	106
946	14760.0	24600.0	48
1261	19680.0	17220.0	7
805	19680.0	17220.0	60
374	19680.0	17220.0	7
977	12300.0	27060.0	5
1310	19680.0	17220.0	94
180	19680.0	17220.0	53
1144	19680.0	17220.0	1
374	19680.0	17220.0	23
673	14760.0	27060.0	7
255	14760.0	24600.0	61
954	14760.0	22140.0	99
1042	19680.0	17220.0	5
60	17220.0	17220.0	43
954	14760.0	22140.0	79
381	7380.0	22140.0	66
977	14760.0	22140.0	69
981	19680.0	17220.0	40
572	19680.0	17220.0	78
1261	19680.0	17220.0	29
439	19680.0	17220.0	97
324	19680.0	19680.0	91
264	12300.0	27060.0	3
1134	14760.0	19680.0	98
1310	19680.0	17220.0	37
1009	9840.0	14760.0	75
1098	14760.0	24600.0	54
408	4920.0	19680.0	6
218	4920.0	19680.0	7
1180	14760.0	27060.0	12
510	7380.0	19680.0	53
218	4920.0	19680.0	12
946	14760.0	24600.0	50
1144	19680.0	17220.0	93
1144	19680.0	17220.0	94
378	14760.0	24600.0	43
382	4920.0	19680.0	12
264	12300.0	22140.0	86
1310	19680.0	17220.0	23
513	14760.0	24600.0	35
439	19680.0	17220.0	64
378	14760.0	24600.0	35
278	9840.0	19680.0	48
1180	14760.0	19680.0	96
264	14760.0	27060.0	29
805	19680.0	17220.0	20
218	7380.0	19680.0	35
981	19680.0	17220.0	58
180	19680.0	17220.0	49
510	4920.0	19680.0	22
513	12300.0	19680.0	86
977	14760.0	27060.0	17
572	19680.0	17220.0	50
1134	14760.0	27060.0	19
703	14760.0	27060.0	2
1310	19680.0	17220.0	63
513	14760.0	27060.0	7
1009	7380.0	17220.0	46
629	19680.0	17220.0	1
1261	19680.0	17220.0	15
180	19680.0	17220.0	57
439	19680.0	17220.0	5
1042	19680.0	19680.0	120
1098	12300.0	27060.0	1
382	4920.0	19680.0	2
1310	19680.0	19680.0	113
116	7380.0	19680.0	47
324	19680.0	19680.0	95
805	19680.0	17220.0	11
180	19680.0	17220.0	82
278	7380.0	17220.0	54
673	14760.0	22140.0	76
1180	14760.0	22140.0	54
805	19680.0	17220.0	68
629	19680.0	17220.0	31
218	4920.0	19680.0	2
1009	9840.0	17220.0	62
954	12300.0	27060.0	5
324	19680.0	19680.0	80
180	19680.0	17220.0	6
439	19680.0	17220.0	72
885	7380.0	19680.0	50
1144	19680.0	17220.0	42
378	12300.0	27060.0	4
35	4920.0	19680.0	4
1310	19680.0	19680.0	115
180	19680.0	17220.0	36
1134	14760.0	19680.0	100
378	14760.0	24600.0	42
1098	12300.0	19680.0	106
1310	19680.0	17220.0	26
954	14760.0	24600.0	46
885	7380.0	19680.0	24
180	19680.0	17220.0	37
572	19680.0	17220.0	17
1009	7380.0	19680.0	43
1180	14760.0	19680.0	97
1180	14760.0	27060.0	2
264	12300.0	27060.0	9
218	9840.0	17220.0	66
1144	19680.0	17220.0	77
180	19680.0	17220.0	75
1098	12300.0	19680.0	96
218	9840.0	17220.0	78
374	19680.0	17220.0	36
1144	19680.0	17220.0	60
977	14760.0	27060.0	19
324	19680.0	17220.0	11
35	4920.0	19680.0	18
278	9840.0	12300.0	76
1134	14760.0	24600.0	53
1310	19680.0	19680.0	119
954	14760.0	22140.0	73
1310	19680.0	17220.0	40
513	14760.0	19680.0	77
651	19680.0	17220.0	96
180	19680.0	17220.0	64
954	14760.0	27060.0	14
1322	19680.0	17220.0	39
1134	14760.0	22140.0	86
218	4920.0	19680.0	6
1310	19680.0	17220.0	100
1322	19680.0	17220.0	67
1261	19680.0	17220.0	110
180	19680.0	17220.0	51
946	14760.0	27060.0	17
1042	19680.0	19680.0	110
977	14760.0	24600.0	37
324	19680.0	17220.0	28
673	14760.0	22140.0	79
954	14760.0	27060.0	30
35	4920.0	19680.0	7
255	14760.0	24600.0	63
180	19680.0	17220.0	52
408	7380.0	19680.0	31
651	19680.0	17220.0	48
981	19680.0	17220.0	31
124	7380.0	19680.0	20
946	17220.0	22140.0	86
381	7380.0	19680.0	39
218	4920.0	19680.0	14
885	7380.0	19680.0	42
264	12300.0	27060.0	5
439	19680.0	17220.0	75
651	19680.0	17220.0	90
885	7380.0	19680.0	44
255	14760.0	24600.0	50
218	4920.0	19680.0	21
264	12300.0	27060.0	7
1144	19680.0	17220.0	10
218	7380.0	19680.0	34
264	12300.0	19680.0	100
1144	19680.0	17220.0	116
946	14760.0	22140.0	77
378	12300.0	27060.0	8
218	9840.0	17220.0	71
408	4920.0	19680.0	3
60	17220.0	17220.0	44
374	19680.0	17220.0	38
1118	19680.0	17220.0	22
1144	19680.0	17220.0	112
1042	19680.0	19680.0	115
124	7380.0	19680.0	22
885	7380.0	19680.0	51
946	17220.0	22140.0	87
629	19680.0	17220.0	6
981	19680.0	17220.0	34
977	14760.0	22140.0	87
673	14760.0	22140.0	63
572	19680.0	17220.0	102
218	7380.0	19680.0	49
651	19680.0	17220.0	28
1134	14760.0	27060.0	2
324	19680.0	17220.0	8
805	19680.0	17220.0	34
977	14760.0	22140.0	60
1322	19680.0	17220.0	31
60	19680.0	17220.0	15
374	19680.0	17220.0	8
510	4920.0	19680.0	15
977	14760.0	22140.0	70
324	19680.0	17220.0	27
510	4920.0	19680.0	1
1118	19680.0	19680.0	90
264	14760.0	27060.0	30
572	19680.0	17220.0	20
946	14760.0	27060.0	18
1134	14760.0	24600.0	39
255	14760.0	24600.0	56
324	19680.0	17220.0	106
981	19680.0	17220.0	13
1261	19680.0	19680.0	83
1009	4920.0	19680.0	17
278	4920.0	19680.0	2
264	14760.0	27060.0	12
1009	9840.0	17220.0	65
324	19680.0	19680.0	75
703	14760.0	24600.0	53
703	14760.0	27060.0	16
439	19680.0	17220.0	65
703	14760.0	24600.0	51
1042	19680.0	19680.0	101
673	14760.0	22140.0	68
1261	19680.0	17220.0	19
513	12300.0	19680.0	91
35	14760.0	19680.0	85
673	14760.0	22140.0	61
946	14760.0	22140.0	73
1098	12300.0	27060.0	3
977	14760.0	22140.0	76
703	14760.0	27060.0	23
513	14760.0	22140.0	71
1310	19680.0	17220.0	105
116	17220.0	22140.0	88
1322	19680.0	17220.0	7
1261	19680.0	17220.0	30
1261	19680.0	17220.0	6
513	14760.0	24600.0	42
954	14760.0	27060.0	29
1009	9840.0	14760.0	69
977	12300.0	27060.0	8
264	14760.0	27060.0	20
278	7380.0	19680.0	33
1322	19680.0	17220.0	12
673	14760.0	27060.0	10
116	12300.0	22140.0	61
382	4920.0	19680.0	10
1261	19680.0	17220.0	27
673	14760.0	24600.0	27
255	14760.0	22140.0	83
977	14760.0	27060.0	23
374	19680.0	17220.0	5
35	9840.0	19680.0	56
977	12300.0	27060.0	9
885	9840.0	19680.0	52
218	7380.0	17220.0	58
1042	19680.0	17220.0	22
513	14760.0	22140.0	63
1042	19680.0	19680.0	103
264	12300.0	19680.0	96
673	14760.0	24600.0	26
1042	19680.0	17220.0	12
1009	7380.0	19680.0	21
703	14760.0	27060.0	26
439	19680.0	17220.0	48
1098	14760.0	22140.0	58
255	14760.0	27060.0	18
374	19680.0	17220.0	17
324	19680.0	19680.0	77
35	7380.0	19680.0	33
439	19680.0	17220.0	32
35	7380.0	19680.0	47
1134	14760.0	27060.0	33
1322	19680.0	17220.0	33
513	12300.0	19680.0	90
572	19680.0	17220.0	36
1322	19680.0	17220.0	30
1310	19680.0	17220.0	79
124	4920.0	19680.0	10
1009	4920.0	19680.0	16
35	12300.0	19680.0	80
1322	19680.0	17220.0	2
1180	14760.0	22140.0	76
1261	19680.0	19680.0	91
180	19680.0	17220.0	30
977	14760.0	22140.0	62
513	14760.0	24600.0	28
572	19680.0	17220.0	40
1118	19680.0	17220.0	108
946	14760.0	27060.0	6
378	14760.0	27060.0	17
180	19680.0	17220.0	28
218	4920.0	19680.0	11
572	19680.0	17220.0	97
977	12300.0	27060.0	4
439	19680.0	17220.0	45
673	12300.0	19680.0	100
35	4920.0	19680.0	12
885	7380.0	19680.0	43
408	7380.0	19680.0	28
124	7380.0	19680.0	23
408	7380.0	19680.0	27
439	19680.0	17220.0	33
885	4920.0	19680.0	3
1134	14760.0	24600.0	57
629	19680.0	17220.0	47
510	7380.0	19680.0	36
954	14760.0	27060.0	28
946	14760.0	27060.0	14
408	9840.0	19680.0	52
572	19680.0	17220.0	80
255	14760.0	24600.0	34
378	14760.0	27060.0	27
651	19680.0	17220.0	52
1009	9840.0	14760.0	77
1118	19680.0	17220.0	28
381	4920.0	19680.0	12
1042	19680.0	19680.0	118
264	14760.0	24600.0	35
408	4920.0	19680.0	2
264	14760.0	24600.0	53
510	7380.0	19680.0	46
513	14760.0	24600.0	34
264	14760.0	22140.0	81
651	19680.0	17220.0	35
572	19680.0	17220.0	84
1180	14760.0	27060.0	14
673	14760.0	27060.0	11
378	14760.0	22140.0	68
977	14760.0	27060.0	11
981	19680.0	17220.0	42
1042	19680.0	17220.0	38
35	12300.0	22140.0	72
1118	19680.0	17220.0	36
1098	14760.0	24600.0	53
381	4920.0	19680.0	3
116	7380.0	19680.0	20
572	19680.0	17220.0	105
1310	19680.0	17220.0	24
954	14760.0	24600.0	53
954	14760.0	24600.0	54
324	19680.0	17220.0	33
264	14760.0	27060.0	25
1098	14760.0	22140.0	64
35	4920.0	19680.0	8
116	17220.0	22140.0	91
572	19680.0	17220.0	56
1310	19680.0	17220.0	39
572	19680.0	17220.0	117
513	14760.0	22140.0	60
1098	14760.0	22140.0	73
378	14760.0	27060.0	26
264	14760.0	22140.0	74
1009	9840.0	17220.0	68
977	14760.0	24600.0	44
1118	19680.0	19680.0	77
805	19680.0	17220.0	37
324	19680.0	17220.0	20
1144	19680.0	17220.0	106
1322	19680.0	17220.0	17
35	14760.0	19680.0	84
60	19680.0	17220.0	24
1009	7380.0	17220.0	47
572	19680.0	17220.0	72
513	14760.0	22140.0	58
513	14760.0	27060.0	21
439	19680.0	17220.0	85
954	14760.0	22140.0	66
255	14760.0	24600.0	39
673	14760.0	24600.0	50
954	14760.0	27060.0	20
381	9840.0	19680.0	57
1009	7380.0	19680.0	30
954	12300.0	27060.0	7
954	12300.0	27060.0	1
805	19680.0	17220.0	14
805	19680.0	17220.0	65
981	19680.0	17220.0	3
946	14760.0	22140.0	58
60	19680.0	17220.0	2
946	14760.0	24600.0	52
1322	19680.0	17220.0	21
264	14760.0	24600.0	49
981	19680.0	17220.0	47
1261	19680.0	17220.0	14
651	19680.0	17220.0	78
977	14760.0	22140.0	86
1098	14760.0	27060.0	19
35	9840.0	19680.0	52
1134	14760.0	22140.0	81
572	19680.0	17220.0	49
278	7380.0	19680.0	24
629	19680.0	17220.0	59
629	19680.0	17220.0	56
374	19680.0	17220.0	42
255	14760.0	22140.0	85
572	19680.0	17220.0	32
381	7380.0	19680.0	40
510	4920.0	19680.0	8
513	14760.0	27060.0	6
1144	19680.0	17220.0	68
264	14760.0	27060.0	26
805	19680.0	17220.0	29
805	19680.0	17220.0	28
510	7380.0	17220.0	50
408	7380.0	19680.0	46
116	12300.0	22140.0	70
954	14760.0	24600.0	49
439	19680.0	17220.0	35
439	19680.0	17220.0	84
572	19680.0	17220.0	96
703	14760.0	22140.0	88
1144	19680.0	17220.0	39
513	12300.0	17220.0	93
1310	19680.0	17220.0	60
255	14760.0	24600.0	57
651	19680.0	17220.0	62
116	7380.0	19680.0	24
378	14760.0	24600.0	37
1180	14760.0	22140.0	73
278	9840.0	9840.0	95
124	4920.0	19680.0	1
35	7380.0	19680.0	27
1042	19680.0	17220.0	11
408	9840.0	19680.0	51
673	12300.0	19680.0	98
324	19680.0	19680.0	101
439	19680.0	17220.0	95
1118	19680.0	19680.0	81
1134	14760.0	27060.0	4
1144	19680.0	17220.0	23
1180	14760.0	19680.0	83
218	12300.0	17220.0	84
673	14760.0	24600.0	35
324	19680.0	19680.0	81
439	19680.0	17220.0	8
382	4920.0	19680.0	15
35	4920.0	19680.0	13
805	19680.0	17220.0	22
1042	19680.0	17220.0	39
946	14760.0	27060.0	26
629	19680.0	17220.0	11
439	19680.0	17220.0	24
1134	14760.0	22140.0	82
1118	19680.0	19680.0	78
954	14760.0	22140.0	71
946	14760.0	27060.0	12
651	19680.0	17220.0	49
1098	14760.0	24600.0	45
885	4920.0	19680.0	20
278	4920.0	19680.0	18
946	14760.0	22140.0	76
381	4920.0	19680.0	11
629	19680.0	17220.0	38
116	14760.0	22140.0	74
805	19680.0	17220.0	44
382	9840.0	19680.0	54
946	14760.0	27060.0	25
1144	19680.0	17220.0	70
1118	19680.0	19680.0	82
572	19680.0	19680.0	108
651	19680.0	17220.0	16
1098	14760.0	27060.0	35
255	14760.0	24600.0	33
513	12300.0	19680.0	83
954	12300.0	27060.0	2
278	9840.0	19680.0	50
378	14760.0	24600.0	33
374	19680.0	17220.0	25
439	19680.0	17220.0	93
1144	19680.0	17220.0	104
60	19680.0	17220.0	30
1134	14760.0	24600.0	40
324	19680.0	17220.0	35
1134	14760.0	22140.0	77
1009	7380.0	19680.0	25
703	14760.0	27060.0	15
513	14760.0	22140.0	57
1180	14760.0	24600.0	29
1009	7380.0	19680.0	24
116	12300.0	22140.0	65
378	14760.0	22140.0	75
1098	12300.0	19680.0	100
255	14760.0	22140.0	97
673	12300.0	19680.0	96
1134	14760.0	27060.0	10
981	19680.0	17220.0	33
1180	14760.0	27060.0	4
255	14760.0	24600.0	47
35	12300.0	22140.0	64
1144	19680.0	17220.0	17
1134	14760.0	22140.0	78
60	17220.0	17220.0	40
885	9840.0	19680.0	53
1180	14760.0	24600.0	46
324	19680.0	19680.0	86
1261	19680.0	19680.0	76
264	12300.0	19680.0	104
324	19680.0	17220.0	29
1180	14760.0	22140.0	69
180	19680.0	17220.0	10
264	14760.0	27060.0	18
946	14760.0	22140.0	82
1134	14760.0	27060.0	16
408	7380.0	19680.0	20
255	14760.0	24600.0	41
977	14760.0	22140.0	71
378	14760.0	24600.0	47
218	4920.0	19680.0	5
885	7380.0	19680.0	47
264	14760.0	27060.0	31
981	19680.0	17220.0	25
180	19680.0	12300.0	102
651	19680.0	17220.0	65
408	7380.0	19680.0	34
381	4920.0	19680.0	13
1144	19680.0	17220.0	86
513	14760.0	24600.0	39
324	19680.0	17220.0	12
255	14760.0	24600.0	35
703	14760.0	24600.0	36
885	7380.0	19680.0	25
1009	9840.0	14760.0	70
374	19680.0	17220.0	14
116	9840.0	19680.0	58
977	14760.0	27060.0	25
255	14760.0	24600.0	55
255	14760.0	22140.0	95
264	12300.0	22140.0	89
1098	14760.0	22140.0	72
1134	14760.0	27060.0	34
439	19680.0	17220.0	28
572	19680.0	17220.0	63
324	19680.0	17220.0	17
1310	19680.0	17220.0	99
180	19680.0	17220.0	7
35	12300.0	22140.0	68
439	19680.0	17220.0	16
35	14760.0	22140.0	96
946	17220.0	22140.0	85
703	14760.0	22140.0	70
278	4920.0	19680.0	13
1098	14760.0	24600.0	48
703	14760.0	27060.0	30
1322	19680.0	17220.0	62
264	12300.0	19680.0	106
1144	19680.0	17220.0	32
324	19680.0	17220.0	9
35	12300.0	22140.0	62
382	9840.0	19680.0	47
703	14760.0	24600.0	54
805	19680.0	17220.0	61
382	7380.0	19680.0	34
703	14760.0	24600.0	56
1180	14760.0	22140.0	64
805	14760.0	19680.0	100
116	17220.0	22140.0	95
1180	14760.0	24600.0	39
946	14760.0	22140.0	79
35	7380.0	19680.0	35
1118	19680.0	17220.0	34
1118	19680.0	19680.0	104
35	7380.0	19680.0	40
629	19680.0	17220.0	12
35	4920.0	19680.0	17
981	19680.0	17220.0	52
651	19680.0	17220.0	24
1310	19680.0	17220.0	41
651	19680.0	17220.0	59
651	19680.0	17220.0	25
1180	14760.0	24600.0	36
572	19680.0	19680.0	109
977	14760.0	27060.0	32
1009	4920.0	19680.0	10
572	19680.0	17220.0	70
1310	19680.0	17220.0	102
946	14760.0	24600.0	40
1310	19680.0	17220.0	34
35	4920.0	19680.0	10
278	4920.0	19680.0	3
1261	19680.0	17220.0	9
255	14760.0	24600.0	32
572	19680.0	17220.0	19
408	4920.0	19680.0	4
116	7380.0	19680.0	33
651	19680.0	17220.0	82
513	14760.0	27060.0	15
513	14760.0	27060.0	11
1180	14760.0	24600.0	37
981	19680.0	17220.0	12
1042	19680.0	17220.0	1
218	7380.0	19680.0	24
1009	9840.0	12300.0	84
673	14760.0	22140.0	62
278	7380.0	19680.0	25
1134	14760.0	19680.0	101
264	12300.0	19680.0	95
954	14760.0	27060.0	25
255	14760.0	22140.0	100
1098	12300.0	27060.0	9
116	7380.0	19680.0	36
1144	19680.0	17220.0	73
510	7380.0	19680.0	28
1180	14760.0	22140.0	77
1098	14760.0	22140.0	75
673	14760.0	22140.0	67
1144	19680.0	17220.0	20
1118	19680.0	17220.0	24
381	4920.0	19680.0	10
703	14760.0	27060.0	5
1134	14760.0	22140.0	83
513	14760.0	27060.0	19
703	14760.0	27060.0	27
180	19680.0	17220.0	63
180	19680.0	17220.0	48
439	19680.0	17220.0	10
1098	12300.0	27060.0	6
1144	19680.0	17220.0	99
1134	14760.0	27060.0	29
124	7380.0	19680.0	37
1118	19680.0	17220.0	3
977	14760.0	22140.0	65
264	14760.0	22140.0	70
180	19680.0	17220.0	74
954	14760.0	22140.0	84
954	14760.0	22140.0	92
116	14760.0	22140.0	80
1310	19680.0	19680.0	118
218	7380.0	19680.0	47
255	14760.0	24600.0	40
1180	14760.0	24600.0	32
1098	14760.0	27060.0	28
35	7380.0	19680.0	30
1144	19680.0	17220.0	63
1180	14760.0	24600.0	43
116	17220.0	22140.0	86
1144	19680.0	17220.0	110
218	7380.0	19680.0	39
124	7380.0	19680.0	19
218	9840.0	17220.0	77
513	14760.0	24600.0	40
1180	14760.0	27060.0	26
651	19680.0	17220.0	15
629	19680.0	17220.0	8
374	19680.0	17220.0	12
977	14760.0	27060.0	31
1098	12300.0	27060.0	8
954	14760.0	24600.0	47
954	14760.0	27060.0	19
981	19680.0	17220.0	5
218	7380.0	19680.0	48
981	19680.0	17220.0	4
1098	14760.0	24600.0	57
124	7380.0	19680.0	41
116	7380.0	19680.0	25
180	19680.0	17220.0	50
1144	19680.0	17220.0	21
629	19680.0	17220.0	46
981	19680.0	17220.0	50
408	7380.0	19680.0	29
977	14760.0	22140.0	75
981	19680.0	17220.0	59
255	14760.0	24600.0	59
255	14760.0	24600.0	36
651	19680.0	17220.0	85
381	4920.0	19680.0	14
572	19680.0	17220.0	60
35	7380.0	19680.0	31
805	19680.0	17220.0	80
381	9840.0	19680.0	56
946	14760.0	27060.0	28
629	19680.0	17220.0	17
264	14760.0	24600.0	34
513	14760.0	22140.0	67
510	4920.0	19680.0	6
381	4920.0	19680.0	4
513	14760.0	19680.0	80
954	14760.0	27060.0	16
378	12300.0	27060.0	10
805	19680.0	17220.0	62
1261	19680.0	17220.0	20
673	14760.0	24600.0	29
885	4920.0	19680.0	2
324	19680.0	17220.0	109
805	19680.0	17220.0	18
651	19680.0	17220.0	43
255	14760.0	22140.0	73
278	4920.0	19680.0	8
946	14760.0	22140.0	65
1180	14760.0	27060.0	19
1310	19680.0	17220.0	74
629	19680.0	17220.0	52
1134	14760.0	27060.0	12
1310	19680.0	17220.0	19
218	9840.0	17220.0	68
264	12300.0	19680.0	102
1310	19680.0	19680.0	111
1134	14760.0	19680.0	96
218	7380.0	19680.0	56
264	14760.0	24600.0	38
1009	7380.0	17220.0	44
651	19680.0	17220.0	93
954	14760.0	22140.0	70
1118	19680.0	17220.0	26
378	14760.0	22140.0	55
264	14760.0	22140.0	75
510	7380.0	19680.0	24
35	12300.0	22140.0	70
1042	19680.0	17220.0	41
954	14760.0	24600.0	45
381	7380.0	19680.0	51
218	9840.0	19680.0	55
510	7380.0	17220.0	49
1118	19680.0	19680.0	84
954	14760.0	22140.0	62
946	14760.0	24600.0	42
218	9840.0	17220.0	75
1310	19680.0	17220.0	48
1098	14760.0	24600.0	56
278	9840.0	14760.0	72
116	12300.0	22140.0	69
572	19680.0	17220.0	24
1310	19680.0	17220.0	62
1134	14760.0	27060.0	26
981	19680.0	17220.0	43
408	7380.0	19680.0	23
513	14760.0	27060.0	4
954	14760.0	22140.0	96
1261	19680.0	19680.0	90
805	19680.0	17220.0	42
381	7380.0	19680.0	50
1134	14760.0	24600.0	46
1042	19680.0	17220.0	3
378	14760.0	22140.0	64
278	4920.0	19680.0	4
805	19680.0	17220.0	6
374	19680.0	17220.0	53
374	19680.0	17220.0	33
805	19680.0	17220.0	38
703	14760.0	24600.0	58
116	7380.0	19680.0	31
885	4920.0	19680.0	4
1042	19680.0	19680.0	117
116	7380.0	19680.0	32
673	12300.0	19680.0	88
1042	19680.0	17220.0	26
116	9840.0	19680.0	54
651	19680.0	17220.0	29
255	14760.0	22140.0	69
954	14760.0	24600.0	36
1322	19680.0	17220.0	40
1134	14760.0	19680.0	97
1098	14760.0	22140.0	82
651	19680.0	17220.0	97
264	14760.0	24600.0	48
35	9840.0	19680.0	49
1042	19680.0	17220.0	14
1144	19680.0	17220.0	8
439	19680.0	17220.0	20
572	19680.0	17220.0	69
382	4920.0	19680.0	9
703	14760.0	22140.0	85
572	19680.0	17220.0	51
1009	4920.0	19680.0	12
805	19680.0	17220.0	43
35	4920.0	19680.0	3
382	4920.0	19680.0	8
885	4920.0	19680.0	18
981	19680.0	17220.0	8
124	9840.0	19680.0	45
651	19680.0	17220.0	26
703	14760.0	27060.0	32
378	14760.0	27060.0	23
35	9840.0	19680.0	60
1144	19680.0	17220.0	59
1261	19680.0	17220.0	11
324	19680.0	19680.0	85
673	12300.0	19680.0	99
651	19680.0	17220.0	92
651	19680.0	17220.0	98
35	7380.0	19680.0	21
180	19680.0	17220.0	54
954	14760.0	22140.0	93
408	7380.0	19680.0	24
35	4920.0	19680.0	5
116	17220.0	22140.0	92
651	19680.0	17220.0	14
572	19680.0	17220.0	79
439	19680.0	17220.0	47
1310	19680.0	17220.0	46
408	7380.0	19680.0	47
977	14760.0	22140.0	78
805	19680.0	17220.0	9
378	14760.0	22140.0	62
1118	19680.0	17220.0	25
378	14760.0	27060.0	12
977	14760.0	24600.0	38
116	17220.0	22140.0	87
1310	19680.0	19680.0	121
977	12300.0	27060.0	1
946	14760.0	22140.0	72
1261	19680.0	19680.0	77
60	17220.0	17220.0	45
1118	19680.0	17220.0	23
60	17220.0	17220.0	46
381	7380.0	19680.0	29
572	19680.0	17220.0	82
1118	19680.0	19680.0	102
255	14760.0	24600.0	58
981	19680.0	17220.0	10
264	12300.0	27060.0	4
1144	19680.0	17220.0	5
116	7380.0	19680.0	21
35	14760.0	19680.0	81
651	19680.0	17220.0	87
946	14760.0	24600.0	51
1180	14760.0	22140.0	49
264	14760.0	22140.0	72
1180	14760.0	22140.0	74
572	19680.0	17220.0	116
572	19680.0	17220.0	45
439	19680.0	17220.0	49
180	19680.0	17220.0	2
1310	19680.0	17220.0	31
1042	19680.0	17220.0	24
381	9840.0	19680.0	58
378	14760.0	27060.0	18
1180	14760.0	22140.0	66
324	19680.0	17220.0	23
124	7380.0	19680.0	17
673	14760.0	27060.0	16
324	19680.0	19680.0	82
381	7380.0	19680.0	45
1134	14760.0	22140.0	65
1322	19680.0	17220.0	38
572	19680.0	17220.0	58
408	7380.0	19680.0	44
977	14760.0	19680.0	88
946	14760.0	22140.0	71
1144	19680.0	17220.0	43
673	12300.0	19680.0	85
1134	14760.0	27060.0	7
946	14760.0	27060.0	23
1144	19680.0	17220.0	95
703	14760.0	22140.0	74
1134	14760.0	27060.0	18
180	19680.0	17220.0	29
1310	19680.0	17220.0	77
35	9840.0	19680.0	59
124	4920.0	19680.0	7
374	19680.0	17220.0	15
805	19680.0	17220.0	5
1098	14760.0	24600.0	46
180	19680.0	17220.0	19
513	14760.0	22140.0	66
1322	19680.0	17220.0	34
1118	19680.0	19680.0	98
954	14760.0	22140.0	95
629	19680.0	17220.0	3
116	7380.0	19680.0	43
1180	14760.0	24600.0	45
255	14760.0	22140.0	68
1144	19680.0	17220.0	102
1042	19680.0	17220.0	54
381	9840.0	19680.0	54
703	14760.0	22140.0	82
629	19680.0	17220.0	9
805	19680.0	17220.0	67
382	7380.0	19680.0	42
572	19680.0	17220.0	73
673	14760.0	24600.0	39
954	14760.0	24600.0	48
946	14760.0	22140.0	67
885	4920.0	19680.0	22
629	19680.0	17220.0	27
381	4920.0	19680.0	1
255	14760.0	22140.0	87
1098	14760.0	27060.0	20
1180	14760.0	27060.0	16
439	19680.0	17220.0	60
180	19680.0	17220.0	80
180	19680.0	17220.0	62
977	14760.0	22140.0	63
954	14760.0	24600.0	34
1009	7380.0	19680.0	22
1098	12300.0	19680.0	92
513	14760.0	22140.0	51
1310	19680.0	17220.0	81
278	7380.0	19680.0	19
1098	14760.0	27060.0	23
1098	14760.0	22140.0	77
1042	19680.0	17220.0	50
278	9840.0	14760.0	68
703	14760.0	22140.0	75
374	17220.0	12300.0	81
60	19680.0	17220.0	7
954	14760.0	27060.0	21
264	14760.0	24600.0	45
180	19680.0	17220.0	16
1009	9840.0	17220.0	63
255	14760.0	24600.0	45
1042	19680.0	17220.0	8
408	7380.0	19680.0	19
1144	19680.0	17220.0	100
35	4920.0	19680.0	1
1310	19680.0	17220.0	29
378	14760.0	24600.0	41
1042	19680.0	17220.0	20
513	14760.0	27060.0	24
1118	19680.0	19680.0	100
60	19680.0	17220.0	13
1118	19680.0	19680.0	94
954	14760.0	22140.0	89
60	17220.0	17220.0	41
116	7380.0	19680.0	19
703	14760.0	24600.0	42
1042	19680.0	17220.0	35
1134	14760.0	24600.0	55
278	7380.0	19680.0	22
885	7380.0	19680.0	33
572	19680.0	17220.0	18
513	14760.0	24600.0	36
324	19680.0	17220.0	2
1322	19680.0	17220.0	18
1180	14760.0	19680.0	95
651	19680.0	17220.0	80
278	7380.0	19680.0	31
324	19680.0	19680.0	93
324	19680.0	19680.0	79
1180	14760.0	27060.0	6
1310	19680.0	17220.0	86
703	14760.0	22140.0	89
954	14760.0	24600.0	39
378	14760.0	22140.0	72
1322	19680.0	17220.0	20
885	7380.0	19680.0	36
954	14760.0	22140.0	77
1180	14760.0	22140.0	70
572	19680.0	19680.0	107
1118	19680.0	17220.0	106
629	19680.0	17220.0	28
572	19680.0	17220.0	26
703	14760.0	24600.0	52
1310	19680.0	17220.0	84
1009	7380.0	19680.0	23
374	19680.0	17220.0	24
1134	14760.0	22140.0	66
1134	14760.0	27060.0	22
1098	14760.0	24600.0	44
651	19680.0	17220.0	32
651	19680.0	17220.0	99
651	19680.0	17220.0	33
673	14760.0	22140.0	71
1098	14760.0	27060.0	15
954	14760.0	22140.0	74
1310	19680.0	17220.0	82
1118	19680.0	19680.0	93
278	7380.0	19680.0	32
673	14760.0	27060.0	20
1134	14760.0	27060.0	21
651	19680.0	17220.0	91
374	19680.0	17220.0	26
324	19680.0	19680.0	98
1322	19680.0	17220.0	68
981	19680.0	17220.0	41
1009	9840.0	17220.0	66
1042	19680.0	19680.0	102
180	19680.0	17220.0	14
324	19680.0	19680.0	94
381	4920.0	19680.0	16
124	7380.0	19680.0	32
1118	19680.0	19680.0	89
374	19680.0	17220.0	1
378	14760.0	22140.0	66
218	4920.0	19680.0	19
981	19680.0	17220.0	39
703	14760.0	27060.0	33
954	14760.0	27060.0	31
1042	19680.0	17220.0	28
374	19680.0	17220.0	28
439	19680.0	17220.0	73
324	19680.0	17220.0	110
1134	14760.0	24600.0	56
218	7380.0	19680.0	36
180	19680.0	17220.0	81
1180	14760.0	27060.0	3
439	19680.0	17220.0	38
180	19680.0	17220.0	60
381	7380.0	19680.0	37
124	4920.0	19680.0	2
439	19680.0	17220.0	31
439	19680.0	17220.0	90
954	12300.0	27060.0	8
378	14760.0	22140.0	71
439	19680.0	17220.0	30
651	19680.0	17220.0	21
510	7380.0	19680.0	39
218	7380.0	19680.0	28
116	12300.0	22140.0	68
805	19680.0	17220.0	25
1144	19680.0	17220.0	64
510	4920.0	19680.0	14
35	7380.0	19680.0	36
510	4920.0	19680.0	2
116	9840.0	19680.0	57
124	7380.0	19680.0	44
1322	19680.0	17220.0	19
1042	19680.0	19680.0	97
1118	19680.0	19680.0	95
885	4920.0	19680.0	19
703	14760.0	22140.0	67
1144	19680.0	17220.0	74
374	17220.0	12300.0	78
629	19680.0	17220.0	35
378	14760.0	24600.0	39
703	14760.0	24600.0	47
378	14760.0	24600.0	48
572	19680.0	17220.0	91
60	19680.0	17220.0	21
60	19680.0	17220.0	14
124	7380.0	19680.0	30
278	7380.0	19680.0	41
954	14760.0	27060.0	23
378	14760.0	22140.0	74
1098	14760.0	27060.0	32
673	14760.0	24600.0	47
124	7380.0	19680.0	34
946	14760.0	24600.0	45
629	19680.0	17220.0	30
278	7380.0	19680.0	38
1144	19680.0	17220.0	72
374	19680.0	17220.0	40
673	14760.0	22140.0	65
629	19680.0	17220.0	53
378	14760.0	24600.0	44
35	12300.0	19680.0	79
180	19680.0	17220.0	45
1261	19680.0	19680.0	92
439	19680.0	17220.0	92
1134	14760.0	19680.0	102
805	19680.0	17220.0	69
1134	14760.0	19680.0	95
1180	14760.0	24600.0	48
1144	19680.0	17220.0	41
1042	19680.0	19680.0	108
264	12300.0	22140.0	85
1009	7380.0	19680.0	37
703	14760.0	24600.0	62
218	9840.0	17220.0	72
703	14760.0	22140.0	91
1098	12300.0	27060.0	2
977	14760.0	27060.0	20
264	14760.0	22140.0	80
60	19680.0	17220.0	31
1310	19680.0	17220.0	45
1118	19680.0	17220.0	31
977	14760.0	27060.0	28
1310	19680.0	17220.0	69
378	14760.0	24600.0	36
1134	14760.0	22140.0	68
1118	19680.0	17220.0	33
954	14760.0	24600.0	44
1009	7380.0	17220.0	52
629	19680.0	17220.0	26
1098	14760.0	22140.0	74
673	14760.0	24600.0	43
180	19680.0	17220.0	13
703	14760.0	27060.0	17
1009	4920.0	19680.0	1
324	19680.0	19680.0	97
1118	19680.0	19680.0	76
805	19680.0	17220.0	72
513	14760.0	22140.0	70
1144	19680.0	17220.0	80
1180	14760.0	22140.0	52
35	14760.0	22140.0	93
572	19680.0	17220.0	115
408	7380.0	19680.0	22
218	9840.0	17220.0	74
629	19680.0	17220.0	4
60	19680.0	17220.0	29
513	14760.0	19680.0	78
629	19680.0	17220.0	5
439	19680.0	17220.0	34
703	14760.0	24600.0	41
1322	19680.0	17220.0	58
885	7380.0	19680.0	26
1310	19680.0	17220.0	25
264	14760.0	24600.0	47
378	14760.0	22140.0	67
805	19680.0	17220.0	57
382	9840.0	19680.0	48
1098	14760.0	22140.0	76
381	7380.0	19680.0	44
218	7380.0	19680.0	38
629	19680.0	17220.0	36
1042	19680.0	17220.0	9
946	14760.0	22140.0	59
1144	19680.0	17220.0	114
180	19680.0	17220.0	56
1098	14760.0	27060.0	22
382	7380.0	19680.0	41
513	14760.0	27060.0	2
673	14760.0	27060.0	14
255	14760.0	22140.0	92
255	14760.0	27060.0	26
35	12300.0	19680.0	74
1134	14760.0	22140.0	74
35	7380.0	19680.0	43
378	14760.0	22140.0	61
116	17220.0	22140.0	81
324	19680.0	17220.0	1
572	19680.0	17220.0	21
1261	19680.0	19680.0	95
946	14760.0	27060.0	16
1118	19680.0	17220.0	1
124	7380.0	19680.0	38
1144	19680.0	17220.0	48
1042	19680.0	19680.0	111
1009	9840.0	12300.0	85
1180	14760.0	27060.0	9
513	14760.0	24600.0	33
1134	14760.0	27060.0	31
629	19680.0	17220.0	32
954	14760.0	27060.0	15
124	9840.0	19680.0	46
124	4920.0	19680.0	15
264	14760.0	22140.0	56
278	7380.0	17220.0	56
324	19680.0	19680.0	99
703	14760.0	27060.0	19
1310	19680.0	17220.0	97
805	19680.0	17220.0	35
264	14760.0	27060.0	14
255	14760.0	24600.0	38
510	4920.0	19680.0	11
651	19680.0	17220.0	77
510	7380.0	19680.0	38
116	9840.0	19680.0	52
439	19680.0	17220.0	12
408	7380.0	19680.0	35
1098	14760.0	22140.0	71
378	14760.0	24600.0	49
1098	14760.0	24600.0	39
35	9840.0	19680.0	51
1042	19680.0	17220.0	10
1144	19680.0	17220.0	24
1098	14760.0	24600.0	50
651	19680.0	17220.0	64
1144	19680.0	17220.0	76
673	14760.0	22140.0	60
1118	19680.0	17220.0	10
374	19680.0	17220.0	16
35	7380.0	19680.0	23
651	19680.0	17220.0	86
278	7380.0	19680.0	39
116	7380.0	19680.0	38
218	7380.0	19680.0	50
255	14760.0	27060.0	11
1310	19680.0	17220.0	20
278	4920.0	19680.0	17
378	14760.0	27060.0	20
1118	19680.0	17220.0	12
1098	14760.0	27060.0	29
805	19680.0	17220.0	4
35	12300.0	19680.0	75
629	19680.0	17220.0	50
1098	14760.0	22140.0	88
1098	14760.0	27060.0	24
954	14760.0	22140.0	61
673	14760.0	27060.0	6
1134	14760.0	22140.0	69
324	19680.0	17220.0	5
954	14760.0	22140.0	65
378	12300.0	27060.0	6
673	14760.0	22140.0	58
513	12300.0	19680.0	81
1118	19680.0	19680.0	96
885	4920.0	19680.0	21
1098	12300.0	19680.0	94
513	14760.0	27060.0	16
981	19680.0	17220.0	37
378	14760.0	27060.0	13
703	14760.0	24600.0	46
513	14760.0	19680.0	79
116	7380.0	19680.0	23
278	9840.0	14760.0	64
1098	12300.0	19680.0	102
673	14760.0	24600.0	52
124	7380.0	19680.0	39
1144	19680.0	17220.0	52
264	14760.0	22140.0	66
977	14760.0	24600.0	52
805	14760.0	19680.0	102
378	14760.0	27060.0	21
1180	14760.0	27060.0	5
180	19680.0	17220.0	33
572	19680.0	17220.0	55
278	9840.0	17220.0	59
439	19680.0	17220.0	79
703	14760.0	27060.0	18
673	12300.0	19680.0	93
324	19680.0	17220.0	10
954	14760.0	27060.0	18
1042	19680.0	17220.0	55
439	19680.0	17220.0	77
116	4920.0	19680.0	8
977	14760.0	24600.0	49
374	19680.0	17220.0	4
1310	19680.0	17220.0	98
1310	19680.0	17220.0	21
703	14760.0	24600.0	49
703	14760.0	27060.0	29
572	19680.0	17220.0	42
977	14760.0	22140.0	59
629	19680.0	17220.0	18
572	19680.0	17220.0	28
977	14760.0	22140.0	72
1261	19680.0	17220.0	113
1180	14760.0	24600.0	42
1009	4920.0	19680.0	3
439	19680.0	17220.0	58
218	4920.0	19680.0	3
673	14760.0	19680.0	81
954	14760.0	22140.0	75
513	14760.0	24600.0	47
673	14760.0	22140.0	73
255	14760.0	22140.0	96
673	14760.0	24600.0	49
408	7380.0	22140.0	57
116	7380.0	19680.0	42
255	14760.0	24600.0	62
1098	14760.0	22140.0	83
703	14760.0	22140.0	87
885	4920.0	19680.0	6
954	14760.0	22140.0	88
954	14760.0	22140.0	100
1310	19680.0	17220.0	36
572	19680.0	17220.0	57
805	19680.0	17220.0	21
572	19680.0	17220.0	104
1261	19680.0	19680.0	87
180	19680.0	17220.0	25
1261	19680.0	17220.0	4
572	19680.0	17220.0	54
1322	19680.0	17220.0	3
382	7380.0	19680.0	17
264	14760.0	22140.0	79
1180	14760.0	19680.0	86
510	7380.0	19680.0	45
116	7380.0	19680.0	34
629	19680.0	17220.0	15
382	7380.0	19680.0	24
1134	14760.0	22140.0	84
977	14760.0	22140.0	83
1310	19680.0	17220.0	88
381	7380.0	19680.0	46
673	14760.0	24600.0	23
977	14760.0	27060.0	15
1310	19680.0	19680.0	112
1009	7380.0	17220.0	55
180	19680.0	17220.0	58
703	14760.0	22140.0	83
35	7380.0	19680.0	48
382	7380.0	19680.0	25
513	14760.0	27060.0	8
805	19680.0	17220.0	3
264	14760.0	24600.0	40
805	19680.0	17220.0	84
382	7380.0	19680.0	30
946	14760.0	27060.0	9
439	19680.0	17220.0	63
651	19680.0	17220.0	44
278	7380.0	19680.0	21
378	12300.0	27060.0	2
116	4920.0	19680.0	6
1180	14760.0	22140.0	71
1134	14760.0	22140.0	88
1098	14760.0	24600.0	38
513	14760.0	27060.0	23
1009	7380.0	19680.0	34
1322	19680.0	17220.0	29
1144	19680.0	17220.0	61
180	19680.0	17220.0	44
954	14760.0	24600.0	35
1310	19680.0	17220.0	47
324	19680.0	17220.0	16
977	14760.0	22140.0	85
439	19680.0	17220.0	27
673	14760.0	27060.0	15
946	14760.0	29520.0	2
382	7380.0	19680.0	35
408	7380.0	19680.0	53
1180	14760.0	19680.0	102
651	19680.0	17220.0	71
278	7380.0	19680.0	42
1310	19680.0	17220.0	14
439	19680.0	17220.0	22
946	14760.0	24600.0	34
510	7380.0	19680.0	55
1144	19680.0	17220.0	57
1144	19680.0	17220.0	56
1098	14760.0	24600.0	40
513	14760.0	19680.0	73
439	19680.0	17220.0	71
408	9840.0	19680.0	48
60	19680.0	17220.0	22
439	19680.0	17220.0	88
1144	19680.0	17220.0	6
1261	19680.0	17220.0	12
1098	14760.0	22140.0	79
954	14760.0	22140.0	63
35	4920.0	19680.0	20
278	4920.0	19680.0	5
1098	14760.0	22140.0	59
703	14760.0	22140.0	95
374	19680.0	17220.0	51
374	19680.0	17220.0	21
1310	19680.0	17220.0	53
278	7380.0	19680.0	35
673	14760.0	22140.0	55
703	14760.0	22140.0	76
439	19680.0	17220.0	66
513	14760.0	22140.0	69
35	7380.0	19680.0	26
116	17220.0	22140.0	90
805	19680.0	17220.0	81
374	19680.0	17220.0	35
264	12300.0	19680.0	101
651	19680.0	17220.0	75
1180	14760.0	27060.0	22
885	7380.0	19680.0	45
264	12300.0	22140.0	88
1134	14760.0	22140.0	94
1009	9840.0	14760.0	72
703	14760.0	19680.0	100
673	14760.0	24600.0	34
572	19680.0	17220.0	101
1118	19680.0	17220.0	9
1009	7380.0	17220.0	45
124	7380.0	19680.0	18
255	14760.0	24600.0	37
116	9840.0	19680.0	56
1261	19680.0	19680.0	93
510	7380.0	19680.0	25
977	14760.0	27060.0	10
1144	19680.0	17220.0	2
981	19680.0	17220.0	11
1144	19680.0	17220.0	108
1042	19680.0	17220.0	44
981	19680.0	17220.0	7
278	9840.0	9840.0	94
513	14760.0	24600.0	44
124	7380.0	19680.0	28
264	14760.0	24600.0	32
218	9840.0	17220.0	79
977	14760.0	24600.0	47
1144	19680.0	17220.0	85
35	12300.0	22140.0	69
124	7380.0	19680.0	16
1322	19680.0	17220.0	66
381	7380.0	19680.0	38
1144	19680.0	17220.0	98
218	9840.0	19680.0	53
1144	19680.0	17220.0	115
946	14760.0	22140.0	81
218	4920.0	19680.0	18
278	7380.0	19680.0	29
255	14760.0	22140.0	94
324	19680.0	17220.0	105
572	19680.0	17220.0	74
981	19680.0	17220.0	53
218	4920.0	19680.0	15
116	14760.0	22140.0	76
1134	14760.0	22140.0	67
513	14760.0	22140.0	53
703	14760.0	22140.0	73
510	4920.0	19680.0	17
1134	14760.0	27060.0	30
439	19680.0	17220.0	80
651	19680.0	17220.0	39
116	7380.0	19680.0	40
1180	14760.0	19680.0	98
1261	19680.0	17220.0	107
946	14760.0	27060.0	33
1144	19680.0	17220.0	14
981	19680.0	17220.0	19
124	7380.0	19680.0	29
35	14760.0	22140.0	86
1042	19680.0	17220.0	17
946	14760.0	24600.0	43
60	19680.0	17220.0	11
180	19680.0	17220.0	55
255	14760.0	24600.0	52
981	19680.0	17220.0	20
218	9840.0	17220.0	69
1042	19680.0	19680.0	96
1042	19680.0	17220.0	27
374	19680.0	17220.0	30
374	19680.0	17220.0	20
1042	19680.0	17220.0	36
703	14760.0	24600.0	44
1042	19680.0	17220.0	16
981	19680.0	17220.0	1
1009	9840.0	17220.0	59
651	19680.0	17220.0	79
264	14760.0	27060.0	23
629	19680.0	17220.0	57
378	12300.0	27060.0	1
1310	19680.0	17220.0	78
1098	14760.0	22140.0	62
324	19680.0	17220.0	34
180	19680.0	17220.0	31
1118	19680.0	17220.0	18
703	14760.0	22140.0	84
1144	19680.0	17220.0	66
1118	19680.0	19680.0	74
116	9840.0	19680.0	53
513	14760.0	27060.0	14
1261	19680.0	19680.0	81
264	12300.0	22140.0	90
1134	14760.0	24600.0	47
1180	14760.0	19680.0	81
324	19680.0	19680.0	96
35	7380.0	19680.0	44
1042	19680.0	17220.0	6
381	7380.0	19680.0	42
60	19680.0	17220.0	1
180	19680.0	17220.0	17
1134	14760.0	22140.0	73
264	14760.0	27060.0	17
324	19680.0	19680.0	87
1042	19680.0	17220.0	30
382	7380.0	19680.0	33
572	19680.0	17220.0	22
703	14760.0	22140.0	78
374	19680.0	17220.0	58
382	7380.0	19680.0	31
218	7380.0	19680.0	26
673	14760.0	27060.0	12
703	14760.0	27060.0	3
703	14760.0	22140.0	86
1098	14760.0	24600.0	47
60	19680.0	17220.0	12
408	4920.0	19680.0	12
805	19680.0	17220.0	74
954	14760.0	24600.0	38
572	19680.0	17220.0	37
255	14760.0	22140.0	89
513	12300.0	19680.0	87
805	19680.0	17220.0	49
977	14760.0	27060.0	22
981	19680.0	17220.0	64
703	14760.0	24600.0	57
439	19680.0	17220.0	9
572	19680.0	17220.0	31
381	7380.0	19680.0	35
218	4920.0	19680.0	13
1180	14760.0	19680.0	94
124	9840.0	19680.0	47
510	4920.0	19680.0	18
264	14760.0	27060.0	24
255	14760.0	27060.0	30
381	4920.0	19680.0	20
703	14760.0	24600.0	65
651	19680.0	17220.0	70
946	14760.0	24600.0	38
408	4920.0	19680.0	18
1310	19680.0	17220.0	18
1261	19680.0	17220.0	35
805	14760.0	19680.0	101
510	7380.0	19680.0	37
651	19680.0	17220.0	55
218	9840.0	17220.0	64
1310	19680.0	17220.0	61
1098	12300.0	19680.0	89
116	4920.0	19680.0	13
124	7380.0	19680.0	33
946	14760.0	22140.0	60
510	7380.0	19680.0	35
1310	19680.0	17220.0	101
981	19680.0	17220.0	60
264	14760.0	22140.0	55
703	14760.0	22140.0	99
981	19680.0	17220.0	66
1180	14760.0	19680.0	85
116	17220.0	22140.0	89
378	12300.0	27060.0	11
651	19680.0	17220.0	36
1310	19680.0	17220.0	68
513	14760.0	24600.0	31
673	14760.0	27060.0	9
946	14760.0	27060.0	21
35	9840.0	19680.0	58
703	14760.0	24600.0	45
572	19680.0	17220.0	86
703	14760.0	22140.0	77
116	12300.0	22140.0	60
977	14760.0	24600.0	39
981	19680.0	17220.0	51
378	14760.0	22140.0	53
954	14760.0	22140.0	98
1098	14760.0	24600.0	42
35	12300.0	22140.0	67
116	7380.0	19680.0	35
35	7380.0	19680.0	25
673	14760.0	22140.0	80
1009	9840.0	17220.0	60
116	4920.0	19680.0	1
1144	19680.0	17220.0	96
1180	14760.0	24600.0	31
255	14760.0	22140.0	64
1310	19680.0	17220.0	89
1098	14760.0	22140.0	70
35	7380.0	19680.0	22
439	19680.0	17220.0	78
805	19680.0	17220.0	12
572	19680.0	17220.0	88
1118	19680.0	17220.0	27
1098	12300.0	27060.0	4
1134	14760.0	27060.0	23
1144	19680.0	17220.0	111
1310	19680.0	17220.0	15
1261	19680.0	17220.0	33
513	14760.0	19680.0	74
629	19680.0	17220.0	34
510	4920.0	19680.0	23
378	14760.0	22140.0	73
1098	14760.0	22140.0	69
1180	14760.0	19680.0	82
1261	19680.0	17220.0	112
1144	19680.0	17220.0	103
946	14760.0	27060.0	7
954	12300.0	27060.0	6
673	12300.0	19680.0	97
673	12300.0	19680.0	101
124	4920.0	19680.0	11
116	4920.0	19680.0	15
35	4920.0	19680.0	2
408	4920.0	19680.0	16
1144	19680.0	17220.0	51
946	14760.0	22140.0	64
264	14760.0	22140.0	83
954	14760.0	22140.0	85
1134	14760.0	24600.0	50
1098	14760.0	22140.0	67
264	14760.0	22140.0	64
1261	19680.0	17220.0	8
981	19680.0	17220.0	9
977	14760.0	27060.0	35
946	14760.0	24600.0	44
981	19680.0	17220.0	2
673	14760.0	24600.0	30
382	7380.0	19680.0	38
1098	14760.0	22140.0	68
278	4920.0	19680.0	9
946	14760.0	22140.0	78
116	12300.0	22140.0	64
572	19680.0	17220.0	52
977	14760.0	27060.0	24
408	7380.0	19680.0	25
218	4920.0	19680.0	4
513	14760.0	27060.0	9
382	9840.0	19680.0	50
651	19680.0	17220.0	54
572	19680.0	17220.0	39
1042	19680.0	19680.0	99
1310	19680.0	17220.0	30
278	7380.0	19680.0	53
35	9840.0	19680.0	53
439	19680.0	17220.0	55
35	12300.0	22140.0	71
651	19680.0	17220.0	100
381	7380.0	22140.0	63
651	19680.0	17220.0	23
218	9840.0	17220.0	63
382	7380.0	19680.0	29
1134	14760.0	22140.0	85
673	14760.0	24600.0	51
255	14760.0	27060.0	12
513	14760.0	19680.0	76
218	7380.0	19680.0	44
218	4920.0	19680.0	9
255	14760.0	22140.0	90
1180	14760.0	24600.0	33
382	4920.0	19680.0	4
513	14760.0	24600.0	43
374	19680.0	17220.0	41
651	19680.0	17220.0	50
673	14760.0	24600.0	33
954	14760.0	22140.0	72
977	14760.0	24600.0	40
673	14760.0	19680.0	83
981	19680.0	17220.0	29
180	19680.0	17220.0	22
35	7380.0	19680.0	37
1118	19680.0	17220.0	14
35	7380.0	19680.0	28
1134	14760.0	27060.0	6
1118	19680.0	17220.0	20
1134	14760.0	22140.0	80
439	19680.0	17220.0	81
954	14760.0	22140.0	80
954	14760.0	22140.0	64
954	14760.0	27060.0	22
977	14760.0	24600.0	56
1042	19680.0	17220.0	29
703	14760.0	22140.0	90
374	19680.0	17220.0	49
703	14760.0	27060.0	24
946	14760.0	22140.0	61
1310	19680.0	19680.0	117
513	12300.0	19680.0	88
116	9840.0	19680.0	49
629	19680.0	17220.0	41
180	19680.0	17220.0	15
264	14760.0	24600.0	52
513	14760.0	27060.0	10
35	14760.0	22140.0	89
651	19680.0	17220.0	37
116	17220.0	22140.0	85
651	19680.0	17220.0	40
1134	14760.0	27060.0	32
673	14760.0	27060.0	13
805	19680.0	17220.0	79
1009	4920.0	19680.0	14
673	14760.0	22140.0	69
885	7380.0	19680.0	49
1322	19680.0	17220.0	24
1180	14760.0	27060.0	18
408	7380.0	19680.0	54
255	14760.0	22140.0	70
1118	19680.0	19680.0	83
278	4920.0	19680.0	6
1310	19680.0	17220.0	76
1134	14760.0	24600.0	42
673	14760.0	27060.0	5
1261	19680.0	19680.0	79
572	19680.0	17220.0	48
116	12300.0	22140.0	66
374	19680.0	17220.0	32
1261	19680.0	19680.0	80
124	7380.0	19680.0	31
218	7380.0	19680.0	41
629	19680.0	17220.0	51
60	19680.0	17220.0	23
703	14760.0	24600.0	60
264	12300.0	19680.0	93
885	7380.0	19680.0	31
35	4920.0	19680.0	14
885	7380.0	19680.0	27
885	4920.0	19680.0	8
513	12300.0	19680.0	89
255	14760.0	22140.0	93
1180	14760.0	22140.0	58
378	14760.0	27060.0	29
629	19680.0	17220.0	45
35	7380.0	19680.0	42
264	12300.0	19680.0	92
264	14760.0	24600.0	39
1098	14760.0	22140.0	84
324	19680.0	17220.0	31
1310	19680.0	17220.0	56
124	7380.0	19680.0	24
35	14760.0	19680.0	83
510	7380.0	17220.0	47
324	19680.0	17220.0	21
805	19680.0	17220.0	83
1118	19680.0	17220.0	4
255	14760.0	24600.0	48
439	19680.0	17220.0	76
946	14760.0	24600.0	35
703	14760.0	22140.0	93
278	9840.0	17220.0	57
1180	14760.0	19680.0	99
1180	14760.0	22140.0	72
278	9840.0	14760.0	65
218	7380.0	19680.0	40
1144	19680.0	17220.0	7
1042	19680.0	19680.0	119
1310	19680.0	17220.0	49
805	19680.0	17220.0	82
1180	14760.0	22140.0	60
1118	19680.0	17220.0	29
1118	19680.0	19680.0	91
264	14760.0	27060.0	27
60	19680.0	17220.0	4
278	7380.0	19680.0	30
1134	14760.0	27060.0	27
116	7380.0	19680.0	45
218	4920.0	19680.0	10
255	14760.0	22140.0	71
116	17220.0	22140.0	84
180	19680.0	17220.0	43
673	14760.0	19680.0	84
408	7380.0	19680.0	26
651	19680.0	17220.0	58
116	4920.0	19680.0	11
378	14760.0	24600.0	51
439	19680.0	17220.0	39
1144	19680.0	17220.0	4
977	14760.0	27060.0	18
255	14760.0	27060.0	24
1144	19680.0	17220.0	26
1042	19680.0	17220.0	52
408	4920.0	19680.0	7
381	4920.0	19680.0	6
977	14760.0	22140.0	61
378	14760.0	27060.0	15
1098	14760.0	22140.0	66
1310	19680.0	17220.0	96
1322	19680.0	17220.0	42
1261	19680.0	17220.0	1
218	12300.0	17220.0	82
324	19680.0	19680.0	83
116	7380.0	19680.0	46
218	7380.0	19680.0	31
264	14760.0	22140.0	68
264	12300.0	19680.0	98
1144	19680.0	17220.0	105
1310	19680.0	17220.0	72
374	19680.0	17220.0	52
60	19680.0	17220.0	34
278	7380.0	17220.0	55
35	14760.0	22140.0	92
954	14760.0	24600.0	51
946	14760.0	27060.0	13
278	9840.0	12300.0	83
946	14760.0	22140.0	74
1098	14760.0	22140.0	85
673	12300.0	19680.0	91
1261	19680.0	19680.0	103
1322	19680.0	17220.0	61
408	4920.0	19680.0	11
60	19680.0	17220.0	3
885	4920.0	19680.0	1
278	9840.0	12300.0	79
374	19680.0	17220.0	2
180	19680.0	17220.0	24
60	19680.0	17220.0	20
60	19680.0	17220.0	36
981	19680.0	17220.0	44
264	14760.0	22140.0	61
1134	14760.0	22140.0	61
1261	19680.0	19680.0	97
264	12300.0	27060.0	6
35	7380.0	19680.0	24
439	19680.0	17220.0	87
255	14760.0	22140.0	88
977	14760.0	24600.0	55
885	9840.0	19680.0	54
255	14760.0	24600.0	53
264	14760.0	22140.0	62
885	4920.0	19680.0	9
1134	14760.0	22140.0	71
1009	9840.0	17220.0	61
255	14760.0	22140.0	84
278	9840.0	14760.0	66
946	14760.0	24600.0	49
382	7380.0	19680.0	36
264	14760.0	27060.0	22
264	14760.0	27060.0	19
324	19680.0	19680.0	84
374	19680.0	17220.0	31
1180	14760.0	27060.0	1
954	14760.0	22140.0	90
1098	14760.0	22140.0	86
805	19680.0	17220.0	77
1310	19680.0	19680.0	107
1310	19680.0	17220.0	103
1042	19680.0	17220.0	53
673	14760.0	24600.0	40
703	14760.0	24600.0	64
180	19680.0	17220.0	34
981	19680.0	17220.0	16
1261	19680.0	17220.0	17
1098	14760.0	27060.0	17
116	4920.0	19680.0	2
1310	19680.0	17220.0	28
703	14760.0	22140.0	96
408	7380.0	19680.0	38
408	7380.0	19680.0	41
805	19680.0	17220.0	13
1144	19680.0	17220.0	45
255	14760.0	27060.0	21
374	19680.0	17220.0	22
1118	19680.0	17220.0	21
180	19680.0	17220.0	32
180	19680.0	17220.0	8
885	7380.0	19680.0	37
513	14760.0	22140.0	59
378	14760.0	22140.0	56
378	14760.0	24600.0	45
264	12300.0	27060.0	1
124	4920.0	19680.0	4
255	14760.0	24600.0	44
1042	19680.0	17220.0	51
1009	7380.0	19680.0	40
324	19680.0	19680.0	74
1042	19680.0	17220.0	31
1261	19680.0	19680.0	101
977	14760.0	27060.0	14
116	14760.0	22140.0	71
324	19680.0	17220.0	111
378	14760.0	27060.0	19
264	12300.0	19680.0	99
703	14760.0	22140.0	81
1310	19680.0	17220.0	57
1310	19680.0	17220.0	104
255	14760.0	24600.0	49
1310	19680.0	17220.0	90
218	7380.0	19680.0	37
1009	9840.0	14760.0	74
572	19680.0	17220.0	62
946	14760.0	24600.0	41
513	14760.0	27060.0	20
977	14760.0	27060.0	27
255	14760.0	27060.0	15
1009	7380.0	19680.0	33
381	7380.0	19680.0	62
381	7380.0	19680.0	47
981	19680.0	17220.0	46
805	19680.0	17220.0	63
1134	14760.0	24600.0	45
35	9840.0	19680.0	55
116	12300.0	22140.0	63
116	4920.0	19680.0	18
977	14760.0	27060.0	30
378	14760.0	22140.0	70
946	14760.0	24600.0	36
382	7380.0	19680.0	22
35	12300.0	19680.0	73
180	19680.0	17220.0	40
264	12300.0	19680.0	105
35	9840.0	19680.0	54
981	19680.0	17220.0	23
1009	4920.0	19680.0	11
1144	19680.0	17220.0	34
35	4920.0	19680.0	9
378	14760.0	24600.0	52
1098	12300.0	19680.0	97
264	14760.0	27060.0	21
439	19680.0	17220.0	44
1261	19680.0	17220.0	32
35	4920.0	19680.0	15
981	19680.0	17220.0	6
180	19680.0	17220.0	12
1180	14760.0	24600.0	38
381	7380.0	19680.0	59
805	19680.0	17220.0	27
218	7380.0	19680.0	27
946	14760.0	24600.0	47
513	14760.0	24600.0	29
954	14760.0	24600.0	40
278	4920.0	19680.0	14
1180	14760.0	27060.0	11
805	19680.0	17220.0	55
124	7380.0	19680.0	35
278	9840.0	12300.0	84
382	4920.0	19680.0	7
1144	19680.0	17220.0	25
1042	19680.0	17220.0	37
116	4920.0	19680.0	9
1310	19680.0	17220.0	51
572	19680.0	17220.0	64
977	14760.0	22140.0	67
1118	19680.0	19680.0	92
1144	19680.0	17220.0	92
60	19680.0	17220.0	6
572	19680.0	17220.0	29
954	14760.0	24600.0	33
218	12300.0	17220.0	83
408	4920.0	19680.0	8
381	7380.0	19680.0	53
374	19680.0	17220.0	27
381	7380.0	19680.0	26
1042	19680.0	17220.0	23
703	12300.0	19680.0	106
255	14760.0	27060.0	13
255	14760.0	27060.0	23
408	9840.0	19680.0	49
1098	14760.0	24600.0	41
255	14760.0	22140.0	81
703	14760.0	19680.0	102
703	14760.0	22140.0	72
278	7380.0	19680.0	44
572	19680.0	17220.0	25
510	7380.0	19680.0	29
1180	14760.0	22140.0	80
954	14760.0	27060.0	26
1118	19680.0	17220.0	7
1134	14760.0	27060.0	24
1322	19680.0	17220.0	27
1118	19680.0	17220.0	110
116	17220.0	22140.0	97
1310	19680.0	19680.0	106
977	14760.0	27060.0	33
1134	14760.0	27060.0	11
180	19680.0	17220.0	46
954	14760.0	24600.0	41
278	9840.0	12300.0	82
324	19680.0	17220.0	107
1118	19680.0	17220.0	30
1180	14760.0	27060.0	25
703	14760.0	22140.0	79
885	7380.0	19680.0	40
946	14760.0	24600.0	55
255	14760.0	27060.0	9
255	14760.0	27060.0	29
60	19680.0	17220.0	35
180	19680.0	17220.0	59
946	14760.0	22140.0	83
703	14760.0	27060.0	8
180	19680.0	17220.0	5
703	14760.0	24600.0	50
264	12300.0	22140.0	87
382	7380.0	19680.0	21
1118	19680.0	17220.0	32
510	7380.0	19680.0	41
35	7380.0	19680.0	34
1009	7380.0	19680.0	35
374	19680.0	17220.0	29
124	4920.0	19680.0	8
1322	19680.0	17220.0	59
218	9840.0	17220.0	80
439	19680.0	17220.0	68
1261	19680.0	17220.0	111
977	14760.0	24600.0	46
1261	19680.0	19680.0	99
278	4920.0	19680.0	7
1009	9840.0	14760.0	79
381	4920.0	19680.0	18
1261	19680.0	19680.0	94
1098	12300.0	27060.0	5
673	12300.0	19680.0	89
954	12300.0	27060.0	4
1261	19680.0	19680.0	100
374	17220.0	12300.0	80
408	4920.0	19680.0	15
703	14760.0	19680.0	101
673	12300.0	19680.0	86
255	14760.0	27060.0	20
408	7380.0	19680.0	33
1310	19680.0	17220.0	66
981	19680.0	17220.0	48
180	19680.0	17220.0	20
278	7380.0	19680.0	46
180	19680.0	17220.0	39
408	7380.0	19680.0	40
513	14760.0	27060.0	26
35	14760.0	22140.0	91
1310	19680.0	19680.0	116
946	14760.0	22140.0	62
1009	7380.0	19680.0	36
1134	14760.0	22140.0	79
1310	19680.0	17220.0	87
278	7380.0	19680.0	43
439	19680.0	17220.0	17
1009	7380.0	17220.0	57
1098	14760.0	22140.0	87
439	19680.0	17220.0	41
60	19680.0	17220.0	18
1310	19680.0	17220.0	59
510	7380.0	19680.0	31
651	19680.0	17220.0	69
439	19680.0	17220.0	40
981	19680.0	17220.0	17
954	14760.0	22140.0	68
946	14760.0	27060.0	22
954	14760.0	27060.0	24
1322	19680.0	17220.0	15
805	19680.0	17220.0	53
572	19680.0	17220.0	65
510	7380.0	19680.0	34
1118	19680.0	19680.0	75
629	19680.0	17220.0	19
324	19680.0	17220.0	102
1180	14760.0	22140.0	51
35	4920.0	19680.0	16
703	14760.0	27060.0	12
116	7380.0	19680.0	27
180	19680.0	17220.0	77
218	7380.0	19680.0	51
954	14760.0	22140.0	94
374	19680.0	17220.0	56
382	7380.0	19680.0	44
1098	14760.0	27060.0	21
513	14760.0	27060.0	27
116	14760.0	22140.0	75
124	7380.0	19680.0	27
1310	19680.0	17220.0	58
382	4920.0	19680.0	11
1261	19680.0	17220.0	34
1144	19680.0	17220.0	75
378	14760.0	27060.0	22
977	14760.0	24600.0	43
382	9840.0	19680.0	51
1180	14760.0	27060.0	24
1144	19680.0	17220.0	69
946	14760.0	24600.0	54
218	9840.0	17220.0	76
510	4920.0	19680.0	20
1118	19680.0	17220.0	109
1009	7380.0	17220.0	51
439	19680.0	17220.0	52
1322	19680.0	17220.0	64
1098	14760.0	22140.0	63
946	14760.0	27060.0	30
278	7380.0	19680.0	40
439	19680.0	17220.0	25
1180	14760.0	27060.0	15
572	19680.0	17220.0	98
255	14760.0	22140.0	77
374	19680.0	17220.0	10
703	14760.0	24600.0	61
124	4920.0	19680.0	5
1134	14760.0	24600.0	52
1310	19680.0	19680.0	120
1144	19680.0	17220.0	55
1009	9840.0	14760.0	71
513	14760.0	27060.0	13
1144	19680.0	17220.0	58
381	4920.0	19680.0	23
805	19680.0	17220.0	46
378	14760.0	27060.0	28
116	9840.0	19680.0	55
1310	19680.0	19680.0	114
1009	9840.0	12300.0	82
954	14760.0	27060.0	10
35	4920.0	19680.0	6
180	19680.0	17220.0	23
218	7380.0	19680.0	25
513	14760.0	27060.0	3
981	19680.0	17220.0	38
439	19680.0	17220.0	43
981	19680.0	17220.0	18
35	12300.0	22140.0	65
1134	14760.0	22140.0	70
378	14760.0	27060.0	30
1134	14760.0	27060.0	25
255	14760.0	27060.0	17
1180	14760.0	24600.0	28
180	19680.0	17220.0	65
218	4920.0	19680.0	8
1180	14760.0	19680.0	87
572	19680.0	17220.0	92
1042	19680.0	17220.0	49
1098	14760.0	27060.0	16
378	14760.0	22140.0	57
703	14760.0	24600.0	66
1009	4920.0	19680.0	18
977	14760.0	27060.0	12
264	14760.0	22140.0	71
954	14760.0	22140.0	78
805	19680.0	17220.0	50
324	19680.0	17220.0	7
981	19680.0	17220.0	27
1322	19680.0	17220.0	63
629	19680.0	17220.0	29
1261	19680.0	17220.0	5
510	4920.0	19680.0	21
673	14760.0	22140.0	57
1144	19680.0	17220.0	78
324	19680.0	17220.0	103
977	14760.0	27060.0	13
1261	19680.0	17220.0	26
703	14760.0	27060.0	6
513	14760.0	27060.0	17
673	12300.0	19680.0	94
218	7380.0	19680.0	42
255	14760.0	22140.0	65
1261	19680.0	19680.0	78
954	14760.0	27060.0	12
977	14760.0	24600.0	42
439	19680.0	17220.0	15
954	14760.0	22140.0	59
805	19680.0	17220.0	8
954	14760.0	27060.0	13
629	19680.0	17220.0	16
510	7380.0	19680.0	40
